"","year_quarter","fed_funds_rate","r_star","HAWK","HAWK_IV","core_inflation","consumption","expected_inflation","expected_unemployment","expected_gdp","dR","demeaned_HAWK","demeaned_HAWK_IV","stance","log_consumption","delta_log_consumption"
"1",1968 Q1,4.79263736263736,4.92571679294855,-0.25,-0.5,8.52901638473913,15076,3.15,3.84285714285714,2.85,-0.133079430311187,-0.287524752475248,-0.859009900990099,FALSE,9.62085935438703,NA
"2",1968 Q2,5.98428571428571,5.01264278326507,0.13,0.48,9.38819405481484,15271,3.35,3.6,2.5,0.971642931020644,0.0924752475247525,0.120990099009901,TRUE,9.63371088395318,0.0128515295661558
"3",1968 Q3,5.94652173913043,4.9254102028778,-0.08,0.01,10.1064583138155,15515,3.35,3.6,2.5,1.02111153625263,-0.117524752475248,-0.349009900990099,TRUE,9.64956257688248,0.0158516929292993
"4",1968 Q4,5.91815217391304,4.81751520444679,0.01,0.26,10.7352234959781,15543,3.35,3.6,2.5,1.10063696946625,-0.0275247524752475,-0.099009900990099,TRUE,9.6513656554829,0.00180307860041751
"5",1969 Q1,6.56744444444444,4.94450659343871,0.08,0.49,11.5205639723508,15683,4.17,3.43571428571429,1.61,1.62293785100573,0.0424752475247525,0.130990099009901,TRUE,9.66033260213442,0.00896694665152609
"6",1969 Q2,8.33252747252747,4.78846060787703,-0.22,-0.38,11.6996698699266,15748,3.55,3.51428571428571,0.0928571428571429,3.54406686465044,-0.257524752475248,-0.739009900990099,TRUE,9.66446865206363,0.00413604992920291
"7",1969 Q3,8.98108695652174,4.74352441469136,-0.14,-0.38,12.0594267230873,15780,3.55,3.51428571428571,0.0928571428571429,4.23756254183038,-0.177524752475248,-0.739009900990099,TRUE,9.66649859439987,0.00202994233623777
"8",1969 Q4,8.94163043478261,4.47520422384508,-0.21,-0.38,12.3604747785312,15860,3.55,3.51428571428571,0.0928571428571429,4.46642621093753,-0.247524752475248,-0.739009900990099,TRUE,9.67155549518884,0.00505690078897381
"9",1970 Q1,8.55888888888889,4.3328571646392,-0.21,-0.38,13.0209727893284,15919,3.87857142857143,3.75,1.92142857142857,4.22603172424969,-0.247524752475248,-0.739009900990099,TRUE,9.67526864335514,0.00371314816629642
"10",1970 Q2,7.8832967032967,4.25579039041911,0,-0.13,13.3810886184015,15942,3.86666666666667,4.5875,3.15833333333333,3.62750631287759,-0.0375247524752475,-0.489009900990099,TRUE,9.67671241498787,0.0014437716327329
"11",1970 Q3,6.71108695652174,4.29078485873159,0.09,-0.13,13.5225037025397,16027,3.86666666666667,4.5875,3.15833333333333,2.42030209779015,0.0524752475247525,-0.489009900990099,TRUE,9.68203007899358,0.0053176640057071
"12",1970 Q4,5.56826086956522,3.94537643431567,0.05,0.11,14.0927072940817,15928,3.86666666666667,4.5875,3.15833333333333,1.62288443524955,0.0124752475247525,-0.249009900990099,TRUE,9.67583384574403,-0.00619623324954333
"13",1971 Q1,3.86277777777778,4.33984943778023,0.1,-0.11,13.91732707545,16184,4.21428571428571,5.65,3.06428571428571,-0.477071660002452,0.0624752475247525,-0.469009900990099,FALSE,9.69177837884758,0.0159445331035499
"14",1971 Q2,4.56725274725275,4.11740793199365,0.27,0.12,13.9848052668534,16286,3.67,5.9625,6.51,0.449844815259097,0.232475247524752,-0.239009900990099,TRUE,9.69806112202708,0.0062827431794954
"15",1971 Q3,5.47554347826087,3.9648551264249,0.17,0.12,13.5481374568862,16365,3.67,5.9625,6.51,1.51068835183597,0.132475247524752,-0.239009900990099,TRUE,9.70290018693528,0.00483906490820374
"16",1971 Q4,4.74760869565217,3.65602477295264,0.14,0.12,13.1592137843448,16585,3.67,5.9625,6.51,1.09158392269953,0.102475247524752,-0.239009900990099,TRUE,9.71625395138115,0.0133537644458723
"17",1972 Q1,3.54901098901099,3.80552308575533,0.17,0.12,12.863611245802,16764,3.16666666666667,5.90833333333333,7.00833333333333,-0.256512096744341,0.132475247524752,-0.239009900990099,FALSE,9.72698900904496,0.0107350576638083
"18",1972 Q2,4.30142857142857,3.89882407697088,0.3,0.75,12.4033888367801,17043,3.75833333333333,5.72,6.71666666666667,0.402604494457691,0.262475247524752,0.390990099009901,TRUE,9.74349484122524,0.0165058321802753
"19",1972 Q3,4.74141304347826,3.76595390681036,0.5,0.75,12.0869371261916,17261,3.75833333333333,5.72,6.71666666666667,0.975459136667901,0.462475247524752,0.390990099009901,TRUE,9.75620490038669,0.0127100591614528
"20",1972 Q4,5.14554347826087,3.81310242477077,0.38,0.75,11.5263827457133,17619,3.75833333333333,5.72,6.71666666666667,1.3324410534901,0.342475247524753,0.390990099009901,TRUE,9.77673314419063,0.0205282438039394
"21",1973 Q1,6.53822222222222,4.02409348097978,0.37,0.75,11.2234919046578,17902,4.225,5.3,4.875,2.51412874124244,0.332475247524752,0.390990099009901,TRUE,9.79266771743088,0.0159345732402549
"22",1973 Q2,7.81846153846154,4.06483126779201,0.29,0.26,11.5127800892901,17854,6.00833333333333,4.9,1.875,3.75363027066953,0.252475247524752,-0.099009900990099,TRUE,9.78998285173931,-0.00268486569157744
"23",1973 Q3,10.5577173913043,3.79495327616113,0.36,0.5,11.7637978479425,17873,6.00833333333333,4.9,1.875,6.76276411514322,0.322475247524752,0.140990099009901,TRUE,9.79104647319038,0.00106362145107219
"24",1973 Q4,9.99673913043478,3.91811022777741,0.17,0.5,11.6782392302215,17776,6.00833333333333,4.9,1.875,6.07862890265737,0.132475247524752,0.140990099009901,TRUE,9.78560451187941,-0.00544196131096797
"25",1974 Q1,9.33377777777778,3.71123485097597,0.17,0.5,12.4855510763275,17581,6.70833333333333,4.83333333333333,1.40833333333333,5.62254292680181,0.132475247524752,0.140990099009901,TRUE,9.77457405244279,-0.011030459436622
"26",1974 Q2,11.2513186813187,3.84086579895129,0.08,0.38,14.0055329531964,17606,8.1,5.1875,-1.625,7.41045288236739,0.0424752475247525,0.020990099009901,TRUE,9.77599503202085,0.00142097957806264
"27",1974 Q3,12.0985869565217,3.70607175122185,0.04,0.38,16.0529247421759,17637,8.1,5.1875,-1.625,8.39251520529989,0.00247524752475248,0.020990099009901,TRUE,9.77775424707036,0.00175921504951226
"28",1974 Q4,9.34434782608696,3.5447933735408,0.05,0.38,17.5689255400777,17335,8.1,5.1875,-1.625,5.79955445254616,0.0124752475247525,0.020990099009901,TRUE,9.76048285811912,-0.0172713889512401
"29",1975 Q1,6.30533333333333,3.07322179829735,0.04,0.37,18.4828383715737,17445,6.28333333333333,6.74166666666667,3.24166666666667,3.23211153503598,0.00247524752475248,0.010990099009901,TRUE,9.76680835362087,0.00632549550175021
"30",1975 Q2,5.41846153846154,2.94335607787394,0.3,0.25,19.2133456920292,17689,6.25833333333333,8.625,5.86666666666667,2.4751054605876,0.262475247524752,-0.109009900990099,TRUE,9.78069825644351,0.0138899028226334
"31",1975 Q3,6.15586956521739,3.04408691341912,0.18,0.25,19.8843510693685,17888,6.25833333333333,8.625,5.86666666666667,3.11178265179827,0.142475247524752,-0.109009900990099,TRUE,9.79188537595483,0.0111871195113178
"32",1975 Q4,5.41119565217391,3.06939329779557,0.27,0.25,21.0258542986576,18033,6.25833333333333,8.625,5.86666666666667,2.34180235437834,0.232475247524752,-0.109009900990099,TRUE,9.79995869170727,0.00807331575244596
"33",1976 Q1,4.82648351648352,3.21648935287832,0.25,0.25,21.4826184791299,18354,5.76666666666667,8.275,5.09166666666667,1.6099941636052,0.212475247524752,-0.109009900990099,TRUE,9.81760281337896,0.0176441216716867
"34",1976 Q2,5.19538461538462,2.92559599314131,0.63,0.75,21.3552306921065,18484,5.64166666666667,7.55,5.025,2.26978862224331,0.592475247524752,0.390990099009901,TRUE,9.82466077199016,0.00705795861119896
"35",1976 Q3,5.28347826086956,2.85603102974873,0.58,0.75,21.6683875810578,18631,5.64166666666667,7.55,5.025,2.42744723112083,0.542475247524752,0.390990099009901,TRUE,9.83258213902035,0.00792136703019608
"36",1976 Q4,4.87423913043478,2.8235909236388,0.58,0.75,21.731253187716,18822,5.64166666666667,7.55,5.025,2.05064820679598,0.542475247524752,0.390990099009901,TRUE,9.84278167741873,0.0101995383983802
"37",1977 Q1,4.66066666666667,2.88021720774715,0.58,0.75,21.4734421290523,19000,5.85,7.75833333333333,6.23333333333333,1.78044945891952,0.542475247524752,0.390990099009901,TRUE,9.85219425814858,0.00941258072984397
"38",1977 Q2,5.15747252747253,2.98781785682859,0.38,0.38,20.3473304492654,19057,6.31666666666667,7.1,4.98333333333333,2.16965467064394,0.342475247524753,0.020990099009901,TRUE,9.85518976712838,0.00299550897979906
"39",1977 Q3,5.81641304347826,3.10969740760054,0.38,0.38,19.1400948993241,19183,6.31666666666667,7.1,4.98333333333333,2.70671563587772,0.342475247524753,0.020990099009901,TRUE,9.86177974913634,0.00658998200796113
"40",1977 Q4,6.51130434782609,2.80075965975801,0.54,0.88,18.4418094429206,19417,6.31666666666667,7.1,4.98333333333333,3.71054468806808,0.502475247524752,0.520990099009901,TRUE,9.87390424999445,0.0121245008581159
"41",1978 Q1,6.75955555555556,2.70868207168469,0.41,0.88,18.1590101670162,19480,6.55833333333333,6.6,4.34166666666667,4.05087348387086,0.372475247524752,0.520990099009901,TRUE,9.87714357719653,0.00323932720207232
"42",1978 Q2,7.28263736263736,3.36965152076907,0.41,0.88,18.5499039080619,19846,7.375,6,3.45833333333333,3.91298584186829,0.372475247524752,0.520990099009901,TRUE,9.89575775447419,0.0186141772776605
"43",1978 Q3,8.09478260869565,3.28698487235563,0.35,0.88,18.7464212375375,19871,7.375,6,3.45833333333333,4.80779773634002,0.312475247524752,0.520990099009901,TRUE,9.89701666140582,0.00125890693163022
"44",1978 Q4,9.57782608695652,3.39510097123984,0.36,0.87,18.6392387568304,19973,7.375,6,3.45833333333333,6.18272511571668,0.322475247524752,0.510990099009901,TRUE,9.90213664046517,0.00511997905935502
"45",1979 Q1,10.0732222222222,3.08285953567869,0.3,0.88,18.8116407430571,20026,7.8,5.825,1.2625,6.99036268654353,0.262475247524752,0.520990099009901,TRUE,9.90478670826775,0.00265006780257693
"46",1979 Q2,10.181978021978,3.26039991256544,0.35,1,19.8876829360858,19961,9.81,5.73,-1.67,6.92157810941258,0.312475247524752,0.640990099009901,TRUE,9.90153564881088,-0.00325105945686488
"47",1979 Q3,10.9401086956522,3.28974943024167,0.23,1,20.0220673818901,20094,9.81,5.73,-1.67,7.6503592654105,0.192475247524752,0.640990099009901,TRUE,9.90817654202226,0.00664089321137595
"48",1979 Q4,13.5802173913043,3.26430775802962,0.37,1,20.6182684748146,20082,9.81,5.73,-1.67,10.3159096332747,0.332475247524752,0.640990099009901,TRUE,9.90757917043938,-0.000597371582877315
"49",1980 Q1,15.0652747252747,3.40404543921619,0.37,1,21.6466269565059,19997,9.8,5.91,-3.33,11.6612292860585,0.332475247524752,0.640990099009901,TRUE,9.903337541285,-0.00424162915437876
"50",1980 Q2,12.6689010989011,2.93892219525687,0.27,0.63,22.0260752211122,19492,10.1583333333333,7.18333333333333,-0.266666666666667,9.72997890364423,0.232475247524752,0.270990099009901,TRUE,9.8777594039634,-0.025578137321606
"51",1980 Q3,9.82315217391304,2.98986890394883,0.34,0.63,22.8577748165314,19647,10.1583333333333,7.18333333333333,-0.266666666666667,6.83328326996421,0.302475247524753,0.270990099009901,TRUE,9.88567993388616,0.0079205299227656
"52",1980 Q4,15.8528260869565,3.42531264119679,0.41,0.87,23.5473159110184,19858,10.1583333333333,7.18333333333333,-0.266666666666667,12.4275134457597,0.372475247524752,0.510990099009901,TRUE,9.89636222759354,0.0106822937073758
"53",1981 Q1,16.5955555555556,3.63897535492399,0.41,0.87,24.1704844121785,19884,8.56666666666667,7.48333333333333,0.166666666666667,12.9565802006316,0.372475247524752,0.510990099009901,TRUE,9.89767066721456,0.00130843962102389
"54",1981 Q2,17.7869230769231,3.25675623961741,0.32,0.72,24.203577767333,19841,7.61,7.36,-3.33175327604796e-17,14.5301668373057,0.282475247524753,0.360990099009901,TRUE,9.89550578279447,-0.00216488442009144
"55",1981 Q3,17.594347826087,3.50211096987485,0.29,0.51,24.4301026576319,19878,7.61,7.36,-3.33175327604796e-17,14.0922368562121,0.252475247524752,0.150990099009901,TRUE,9.89736887152795,0.0018630887334794
"56",1981 Q4,13.5883695652174,3.20604719996124,0.38,0.75,24.3205796972857,19691,7.61,7.36,-3.33175327604796e-17,10.3823223652562,0.342475247524753,0.390990099009901,TRUE,9.88791695754517,-0.00945191398277956
"57",1982 Q1,14.2074444444444,2.78980905191893,0.38,0.75,24.3425659945863,19794,5.9125,8.2,3.175,11.4176353925255,0.342475247524753,0.390990099009901,TRUE,9.89313414045664,0.00521718291146556
"58",1982 Q2,14.5141758241758,2.84824216824065,0.41,1,23.437443373609,19810,4.75,9.425,1.975,11.6659336559352,0.372475247524752,0.640990099009901,TRUE,9.8939421396926,0.000807999235959755
"59",1982 Q3,11.0127173913043,2.83613893612788,0.37,1,23.0712781229253,19892,4.75,9.425,1.975,8.17657845517647,0.332475247524752,0.640990099009901,TRUE,9.89807291983463,0.00413078014203272
"60",1982 Q4,9.28391304347826,2.74099619448199,0.29,0.75,22.3093606946676,20191,4.75,9.425,1.975,6.54291684899627,0.252475247524752,0.390990099009901,TRUE,9.91299223955037,0.0149193197157445
"61",1983 Q1,8.65755555555556,2.8439723111772,0.29,0.75,20.8157573408478,20349,3.53333333333333,10.4,4.05,5.81358324437836,0.252475247524752,0.390990099009901,TRUE,9.92078704961419,0.00779481006381566
"62",1983 Q2,8.80274725274725,2.8376782348624,-0.08,-0.12,19.751873192054,20721,4.19,10.01,4.5,5.96506901788485,-0.117524752475248,-0.479009900990099,TRUE,9.93890295775708,0.0181159081428941
"63",1983 Q3,9.45815217391304,3.19154777636557,-0.08,-0.12,18.9829667110569,21041,4.19,10.01,4.5,6.26660439754747,-0.117524752475248,-0.479009900990099,TRUE,9.95422819423931,0.0153252364822283
"64",1983 Q4,9.43010869565217,3.09591141597126,-0.08,-0.12,17.2646379134853,21326,4.19,10.01,4.5,6.33419727968091,-0.117524752475248,-0.479009900990099,TRUE,9.96768226457812,0.0134540703388133
"65",1984 Q1,9.68857142857143,3.23252590997002,-0.08,-0.12,16.45799620051,21462,4.41666666666667,8.7,4.45,6.45604551860141,-0.117524752475248,-0.479009900990099,TRUE,9.97403920848707,0.0063569439089477
"66",1984 Q2,10.5547252747253,3.38113706936038,0.21,0.75,15.5737224046043,21718,4.35,7.62,3.37,7.1735882053649,0.172475247524752,0.390990099009901,TRUE,9.98589668877685,0.0118574802897733
"67",1984 Q3,11.3922826086957,3.27620669960485,0.29,0.75,14.5631338389545,21826,4.35,7.62,3.37,8.1160759090908,0.252475247524752,0.390990099009901,TRUE,9.99085719867304,0.00496050989618979
"68",1984 Q4,9.2625,3.16933263908459,0.29,0.75,13.8490533167893,22055,4.35,7.62,3.37,6.09316736091541,0.252475247524752,0.390990099009901,TRUE,10.001294612539,0.0104374138660042
"69",1985 Q1,8.47511111111111,3.50871823568966,0.13,0.51,13.8425952985263,22389,3.08333333333333,7.28333333333333,3.4,4.96639287542145,0.0924752475247525,0.150990099009901,TRUE,10.0163250457995,0.0150304332604581
"70",1985 Q2,7.9243956043956,3.37753238944468,0.16,0.63,13.1966527517499,22546,3.39,7.28,2.5,4.54686321495092,0.122475247524752,0.270990099009901,TRUE,10.0233129456045,0.00698789980497949
"71",1985 Q3,7.90097826086957,3.54589062748197,0.09,0.63,12.708903824104,22916,3.39,7.28,2.5,4.3550876333876,0.0524752475247525,0.270990099009901,TRUE,10.0395906355285,0.0162776899239905
"72",1985 Q4,8.10445652173913,3.31721962923941,0.09,0.63,12.0676923203714,22908,3.39,7.28,2.5,4.78723689249972,0.0524752475247525,0.270990099009901,TRUE,10.0392414735137,-0.000349162014719795
"73",1986 Q1,7.82688888888889,3.39010523893993,0.05,0.63,11.9889301783101,23063,2.78333333333333,7.08333333333333,3.48333333333333,4.43678364994896,0.0124752475247525,0.270990099009901,TRUE,10.0459848807647,0.0067434072509247
"74",1986 Q2,6.91846153846154,3.17007376035241,0.05,0,11.7278088248369,23265,2.54,7.11,3.12,3.74838777810913,0.0124752475247525,-0.359009900990099,TRUE,10.0547053642787,0.00872048351407706
"75",1986 Q3,6.20945652173913,3.18810786257008,0.05,0,10.8530632086461,23618,2.54,7.11,3.12,3.02134865916905,0.0124752475247525,-0.359009900990099,TRUE,10.0697644121612,0.0150590478824775
"76",1986 Q4,6.26673913043478,3.16117573785955,0.04,0,11.0495822222699,23706,2.54,7.11,3.12,3.10556339257523,0.00247524752475248,-0.359009900990099,TRUE,10.0734834596394,0.00371904747821894
"77",1987 Q1,6.22255555555556,3.00651728232963,0.19,0.24,10.4496660983902,23682,2.96666666666667,6.86666666666667,2.65,3.21603827322593,0.152475247524752,-0.119009900990099,TRUE,10.0724705448909,-0.0010129147485447
"78",1987 Q2,6.65,3.13066896431313,-0.15,0.12,10.4902516274365,23954,3.52,6.32,2.09,3.51933103568687,-0.187524752475248,-0.239009900990099,TRUE,10.0838906035075,0.0114200586165509
"79",1987 Q3,6.8395652173913,3.11469040844217,-0.14,0.12,10.5706947414236,24168,3.52,6.32,2.09,3.72487480894913,-0.177524752475248,-0.239009900990099,TRUE,10.0927847230665,0.00889411955905572
"80",1987 Q4,6.91967391304348,3.31991893873697,-0.23,0.13,10.5832883671959,24159,3.52,6.32,2.09,3.59975497430651,-0.267524752475248,-0.229009900990099,TRUE,10.0924122604637,-0.000372462602852508
"81",1988 Q1,6.66593406593407,3.19036396006367,-0.23,0.12,10.2610382172596,24537,3.8125,5.875,2.3125,3.4755701058704,-0.267524752475248,-0.239009900990099,TRUE,10.1079374614031,0.0155252009394289
"82",1988 Q2,7.15494505494506,3.4044135358572,0,0.75,10.7137362951722,24667,3.9,5.55,3.4375,3.75053151908786,-0.0375247524752475,0.390990099009901,TRUE,10.1132215969404,0.00528413553731966
"83",1988 Q3,7.98347826086956,3.37963811396751,0.09,0.75,10.9162406945838,24821,3.9,5.55,3.4375,4.60384014690205,0.0524752475247525,0.390990099009901,TRUE,10.1194453480356,0.00622375109520945
"84",1988 Q4,8.46847826086957,3.47461022361577,0.25,1,11.2234742518818,25041,3.9,5.55,3.4375,4.9938680372538,0.212475247524752,0.640990099009901,TRUE,10.1282697605188,0.00882441248323218
"85",1989 Q1,9.44644444444444,3.50773495170584,0.25,1,11.1804129372387,25107,4.05,5.325,2.075,5.9387094927386,0.212475247524752,0.640990099009901,TRUE,10.130901970701,0.00263221018213855
"86",1989 Q2,9.72571428571429,3.39886771699317,-0.09,-0.13,11.4277623861118,25167,4.0375,5.25,1.825,6.32684656872112,-0.127524752475248,-0.489009900990099,TRUE,10.1332888915144,0.00238692081341974
"87",1989 Q3,9.08358695652174,3.30737348308556,0,-0.13,11.4553009007476,25341,4.0375,5.25,1.825,5.77621347343618,-0.0375247524752475,-0.489009900990099,TRUE,10.1401789163956,0.00689002488120316
"88",1989 Q4,8.61445652173913,3.27453351033182,0,-0.13,11.6859013125872,25382,4.0375,5.25,1.825,5.33992301140731,-0.0375247524752475,-0.489009900990099,TRUE,10.1417955403701,0.00161662397450257
"89",1990 Q1,7.89941938443626,3.51060423772762,0,-0.13,12.2948729645734,25538,3.8375,5.275,1.9375,4.38881514670864,-0.0375247524752475,-0.489009900990099,TRUE,10.1479228179846,0.00612727761451737
"90",1990 Q2,7.85920934724736,3.4757170710086,0.23,0.5,12.3082975790604,25536,4.6,5.35,0.375,4.38349227623876,0.192475247524752,0.140990099009901,TRUE,10.1478445002495,-7.83177350918152e-05
"91",1990 Q3,7.53187565828145,3.36685365119524,0.32,0.5,12.3317885118627,25547,4.6,5.35,0.375,4.16502200708621,0.282475247524753,0.140990099009901,TRUE,10.1482751719082,0.000430671658673276
"92",1990 Q4,7.09578681548892,2.92262474026283,0.32,0.5,12.0859210605023,25263,4.6,5.35,0.375,4.17316207522609,0.282475247524753,0.140990099009901,TRUE,10.1370961536981,-0.0111790182101075
"93",1991 Q1,6.08432635977837,2.68883169593196,0.32,0.5,11.9641516923711,25090,3.4625,5.975,3.5875,3.39549466384641,0.282475247524753,0.140990099009901,TRUE,10.1302246393605,-0.00687151433763233
"94",1991 Q2,5.54417762387197,2.77208403282675,0.4,0.25,11.5317786308518,25218,3.3375,6.725,2.6125,2.77209359104522,0.362475247524753,-0.109009900990099,TRUE,10.1353133042332,0.00508866487270332
"95",1991 Q3,5.22671194720463,2.81110162055704,0.4,0.25,11.3188500065616,25254,3.3375,6.725,2.6125,2.41561032664759,0.362475247524753,-0.109009900990099,TRUE,10.1367398379986,0.00142653376545354
"96",1991 Q4,4.31746796594576,2.6783102204733,0.4,0.25,10.9873389899602,25155,3.3375,6.725,2.6125,1.63915774547246,0.362475247524753,-0.109009900990099,TRUE,10.1328119629254,-0.00392787507320591
"97",1992 Q1,3.5531490773485,2.72173700199454,0.33,0.25,10.7232848196905,25551,2.6875,6.95,2.75,0.831412075353963,0.292475247524753,-0.109009900990099,TRUE,10.1484317338092,0.0156197708837702
"98",1992 Q2,3.32478101460884,2.71017314374845,0.29,0.36,10.3698418081336,25638,2.625,7.45,2.2375,0.614607870860388,0.252475247524752,0.000990099009900991,TRUE,10.1518309048721,0.00339917106289001
"99",1992 Q3,3.01061533955193,2.57453605113283,0.21,0.13,10.2583593169868,25818,2.625,7.45,2.2375,0.4360792884191,0.172475247524752,-0.229009900990099,TRUE,10.1588272020667,0.00699629719457562
"100",1992 Q4,2.89634324776324,2.60274043413925,0.21,0.12,10.1345954527116,26035,2.625,7.45,2.2375,0.293602813623994,0.172475247524752,-0.239009900990099,TRUE,10.167197065597,0.00836986353034419
"101",1993 Q1,2.8705843419124,2.43764518813672,0.21,0.12,9.4862791313008,26058,2.3625,7.275,2.6375,0.43293915377568,0.172475247524752,-0.239009900990099,TRUE,10.1680801017629,0.000883036165877371
"102",1993 Q2,2.99725274725275,2.4107433908478,0.13,0.12,9.21885931523327,26216,2.5625,6.925,2.775,0.586509356404947,0.0924752475247525,-0.239009900990099,TRUE,10.1741251903786,0.0060450886157728
"103",1993 Q3,3.05771739130435,2.24056163756644,0.16,0.13,8.74732840178725,26417,2.5625,6.925,2.775,0.817155753737908,0.122475247524752,-0.229009900990099,TRUE,10.1817630212883,0.00763783090968673
"104",1993 Q4,2.98826086956522,2.29461357558864,0.17,0.13,8.61509198339974,26564,2.5625,6.925,2.775,0.693647293976578,0.132475247524752,-0.229009900990099,TRUE,10.1873121946606,0.0055491733722679
"105",1994 Q1,3.20933333333333,2.22880342355446,0.17,0.12,8.2687102777677,26796,2.2875,6.575,2.6,0.980529909778873,0.132475247524752,-0.239009900990099,TRUE,10.1960079016282,0.00869570696755417
"106",1994 Q2,3.93802197802198,2.39126201793121,0.4,0.38,8.04934860127728,26925,2.8,6.25,2.225,1.54675996009077,0.362475247524753,0.020990099009901,TRUE,10.2008105020246,0.00480260039643099
"107",1994 Q3,4.4854347826087,2.25448576000383,0.37,0.38,7.5456225147998,27043,2.8,6.25,2.225,2.23094902260487,0.332475247524752,0.020990099009901,TRUE,10.2051834707483,0.00437296872373771
"108",1994 Q4,5.1679347826087,2.27544109730044,0.41,0.62,7.34471284676079,27252,2.8,6.25,2.225,2.89249368530826,0.372475247524752,0.260990099009901,TRUE,10.2128821918936,0.00769872114523196
"109",1995 Q1,5.80277777777778,2.19252576017477,0.41,0.62,7.20883418295299,27247,2.425,5.675,2.0875,3.61025201760301,0.372475247524752,0.260990099009901,TRUE,10.2126987022877,-0.000183489605829479
"110",1995 Q2,5.79973799056531,2.14278672800802,0.18,0.25,7.1521684256977,27408,2.4625,5.625,2.5375,3.65695126255729,0.142475247524752,-0.109009900990099,TRUE,10.2185902205639,0.00589151827617052
"111",1995 Q3,5.52470469271632,2.17693471071682,0.18,0.25,7.04974807937218,27568,2.4625,5.625,2.5375,3.3477699819995,0.142475247524752,-0.109009900990099,TRUE,10.2244109587677,0.0058207382038109
"112",1995 Q4,5.41567552207732,2.23509900571876,0.18,0.25,6.71006846289792,27675,2.4625,5.625,2.5375,3.18057651635856,0.142475247524752,-0.109009900990099,TRUE,10.2282847575768,0.00387379880912597
"113",1996 Q1,5.07487926680132,2.23021221344371,0.39,0.5,6.48523988134579,27861,2.6625,5.5625,2.1625,2.84466705335761,0.352475247524753,0.140990099009901,TRUE,10.2349831404441,0.00669838286728108
"114",1996 Q2,5.20133208806364,2.46694132997854,0.3,0.5,6.14766963227691,28080,2.8,5.4,2.1625,2.7343907580851,0.262475247524752,0.140990099009901,TRUE,10.2428128581397,0.00782971769562835
"115",1996 Q3,5.30619565217391,2.47986935559077,0.25,0.5,6.18032618872162,28159,2.8,5.4,2.1625,2.82632629658314,0.212475247524752,0.140990099009901,TRUE,10.2456222982778,0.00280944013805318
"116",1996 Q4,5.21146082749338,2.6183091527299,0.25,0.5,6.12008206007184,28293,2.8,5.4,2.1625,2.59315167476348,0.212475247524752,0.140990099009901,TRUE,10.250369703212,0.00474740493419468
"117",1997 Q1,5.27844444444444,2.52770617337566,0.25,0.5,6.03491559822942,28515,2.325,5.3,2.5875,2.75073827106878,0.212475247524752,0.140990099009901,TRUE,10.2581855435906,0.00781584037864391
"118",1997 Q2,5.37911256587697,2.80774032523948,0.64,1,5.85677347855516,28562,2.0875,5,2.45,2.57137224063749,0.602475247524752,0.640990099009901,TRUE,10.2598324420129,0.00164689842224064
"119",1997 Q3,5.42593672216629,2.76966132164437,0.55,1,5.61881292383104,28953,2.0875,5,2.45,2.65627540052192,0.512475247524752,0.640990099009901,TRUE,10.2734291045752,0.0135966625623674
"120",1997 Q4,5.42042804846986,2.78100005944098,0.55,1,5.40710739514525,29207,2.0875,5,2.45,2.63942798902888,0.512475247524752,0.640990099009901,TRUE,10.2821636855541,0.00873458097883173
"121",1998 Q1,5.37832198309177,2.8422835043399,0.46,1,5.09521701069957,29427,1.65,4.75,1.7375,2.53603847875187,0.422475247524753,0.640990099009901,TRUE,10.2896678992324,0.00750421367834697
"122",1998 Q2,5.34588094903738,2.92210050721841,0.34,0.63,4.76095362583013,29864,1.5125,4.525,1.775,2.42378044181897,0.302475247524753,0.270990099009901,TRUE,10.3044090205944,0.014741121361995
"123",1998 Q3,5.06971483864284,3.11401276471152,0.41,0.88,4.69250181741483,30159,1.5125,4.525,1.775,1.95570207393132,0.372475247524752,0.520990099009901,TRUE,10.3142386650735,0.00982964447910994
"124",1998 Q4,4.72064469592848,3.29064771742311,0.41,0.88,4.62958775231783,30502,1.5125,4.525,1.775,1.42999697850537,0.372475247524752,0.520990099009901,TRUE,10.3255475342161,0.0113088691425993
"125",1999 Q1,4.73455555555556,3.26519212556111,0.27,0.87,4.29298396394033,30738,1.4625,4.4,2.975,1.46936342999445,0.232475247524752,0.510990099009901,TRUE,10.3332549531673,0.00770741895112792
"126",1999 Q2,4.74769230769231,3.31573789201168,-0.14,-0.25,4.31219352678367,31123,1.875,4.275,2.9875,1.43195441568063,-0.177524752475248,-0.609009900990099,TRUE,10.3457023746743,0.0124474215070673
"127",1999 Q3,5.09554347826087,3.39628773952873,-0.2,-0.25,4.22834860662258,31373,1.875,4.275,2.9875,1.69925573873214,-0.237524752475248,-0.609009900990099,TRUE,10.3537029293824,0.0080005547080404
"128",1999 Q4,5.30402173913043,3.58665666134546,-0.2,-0.25,4.21561635006329,31737,1.875,4.275,2.9875,1.71736507778497,-0.237524752475248,-0.609009900990099,TRUE,10.3652384716549,0.0115355422725187
"129",2000 Q1,5.67769230769231,3.49398822095254,-0.2,-0.25,4.25736081635923,32135,1.95,4.125,4.0875,2.18370408673977,-0.237524752475248,-0.609009900990099,TRUE,10.3777010578054,0.0124625861505034
"130",2000 Q2,6.27197802197802,3.6039047086586,0.15,0.63,4.09033758626798,32355,2.0875,4.025,3.4625,2.66807331331942,0.112475247524752,0.270990099009901,TRUE,10.3845238474914,0.00682278968597849
"131",2000 Q3,6.43933649136773,3.48308251770379,0.15,0.63,4.45394079829402,32576,2.0875,4.025,3.4625,2.95625397366394,0.112475247524752,0.270990099009901,TRUE,10.3913310999102,0.00680725241882918
"132",2000 Q4,6.35713217189126,3.4989751126286,0.15,0.63,4.62772677274019,32774,2.0875,4.025,3.4625,2.85815705926266,0.112475247524752,0.270990099009901,TRUE,10.3973907971062,0.00605969719597432
"133",2001 Q1,4.69999493848145,3.39310971692486,0.2,0.75,4.93501230458397,32818,1.4375,4.05,2.0875,1.30688522155659,0.162475247524752,0.390990099009901,TRUE,10.3987324243351,0.00134162722892661
"134",2001 Q2,3.4428603026349,3.37098617792366,0.2,0.75,5.18603352565892,32806,1.6375,4.5,1.125,0.0718741247112438,0.162475247524752,0.390990099009901,TRUE,10.3983667044724,-0.000365719862664093
"135",2001 Q3,2.68384390458785,3.07711096615329,0.2,0.75,4.46374962537535,32835,1.6375,4.5,1.125,-0.393267061565444,0.162475247524752,0.390990099009901,FALSE,10.3992502986251,0.00088359415264172
"136",2001 Q4,1.12754606394121,3.11784901387601,0.2,0.75,5.0069161568282,33280,1.6375,4.5,1.125,-1.9903029499348,0.162475247524752,0.390990099009901,FALSE,10.4127118949351,0.013461596310071
"137",2002 Q1,1.10586403817473,3.08082965351503,-0.09,0.63,5.23518099014426,33281,1.475,5.4,3.375,-1.9749656153403,-0.127524752475248,0.270990099009901,FALSE,10.4127419425606,3.00476254881943e-05
"138",2002 Q2,1.02480977625394,3.10966007700985,-0.2,0.63,5.37849476908558,33375,1.475,5.775,2.55,-2.08485030075591,-0.237524752475248,0.270990099009901,FALSE,10.4155623957026,0.00282045314191848
"139",2002 Q3,1.38713452808001,2.97873555189897,-0.2,0.63,5.44898269003555,33524,1.475,5.775,2.55,-1.59160102381896,-0.237524752475248,0.270990099009901,FALSE,10.4200168792188,0.00445448351624478
"140",2002 Q4,1.23718601620856,2.72145475493655,-0.17,0.63,5.33100646482971,33628,1.475,5.775,2.55,-1.48426873872799,-0.207524752475248,0.270990099009901,FALSE,10.4231143322552,0.00309745303639097
"141",2003 Q1,1.07708455189962,2.58154125526418,-0.37,0.5,5.10558989762142,33723,1.075,5.8375,3.675,-1.50445670336456,-0.407524752475247,0.140990099009901,FALSE,10.4259353761299,0.00282104387471982
"142",2003 Q2,1.13065567742237,2.55360455550321,-0.37,0.51,5.16691233724007,34034,1.075,6.075,5.025,-1.42294887808084,-0.407524752475247,0.150990099009901,FALSE,10.4351153039314,0.00917992780147436
"143",2003 Q3,0.842706784126416,2.7618539877944,-0.37,0.5,5.06987264858783,34430,1.075,6.075,5.025,-1.91914720366798,-0.407524752475247,0.140990099009901,FALSE,10.4466835563326,0.0115682524011884
"144",2003 Q4,0.815976016042367,2.76786894279569,-0.36,0.5,5.1010529126855,34584,1.075,6.075,5.025,-1.95189292675332,-0.397524752475247,0.140990099009901,FALSE,10.4511464263475,0.00446287001489765
"145",2004 Q1,0.802485117047128,2.68818841128086,-0.12,0.87,5.03495398463505,34839,0.7125,5.875,5.1625,-1.88570329423373,-0.157524752475248,0.510990099009901,FALSE,10.4584927279139,0.00734630156640037
"146",2004 Q2,1.01131868131868,2.65506817499592,-0.12,0.88,5.184412669204,34952,1.5125,5.575,3.8375,-1.64374949367724,-0.157524752475248,0.520990099009901,FALSE,10.4617309706313,0.00323824271740492
"147",2004 Q3,1.43076086956522,2.52628506422982,-0.12,0.87,5.79084295612322,35275,1.5125,5.575,3.8375,-1.0955241946646,-0.157524752475248,0.510990099009901,FALSE,10.470929776721,0.00919880608974211
"148",2004 Q4,1.94989130434783,2.58011011950636,-0.12,0.88,5.42247720276334,35586,1.5125,5.575,3.8375,-0.630218815158534,-0.157524752475248,0.520990099009901,FALSE,10.4797075810668,0.00877780434576714
"149",2005 Q1,2.469,2.69179205162761,-0.13,0.88,5.82738018805218,35736,1.55,5.4,3.85,-0.22279205162761,-0.167524752475248,0.520990099009901,FALSE,10.483913863032,0.00420628196517292
"150",2005 Q2,2.94175824175824,2.52532867283288,-0.13,0.51,5.66853911733434,36055,2.25,5.125,3.7125,0.416429568925361,-0.167524752475248,0.150990099009901,TRUE,10.4928008293509,0.00888696631890618
"151",2005 Q3,3.46,2.44778943825089,0.05,0.63,5.55390010738961,36262,2.25,5.125,3.7125,1.01221056174911,0.0124752475247525,0.270990099009901,TRUE,10.4985256399858,0.00572481063489327
"152",2005 Q4,3.97826086956522,2.49093922566055,0.15,0.62,5.92431165241036,36238,2.25,5.125,3.7125,1.48732164390467,0.112475247524752,0.260990099009901,TRUE,10.4978635709961,-0.000662068989701226
"153",2006 Q1,4.45411111111111,2.6339165242087,0.19,0.38,6.21870507445532,36553,2.15,4.925,3.2875,1.82019458690241,0.152475247524752,0.020990099009901,TRUE,10.506518541153,0.00865497015691119
"154",2006 Q2,4.90758241758242,2.67479363795378,0.01,0.38,6.71567907227324,36660,2.475,4.7,2,2.23278877962864,-0.0275247524752475,0.020990099009901,TRUE,10.5094415213937,0.00292298024073112
"155",2006 Q3,5.19448793427765,2.48484333648137,0.1,0.37,6.67252164741825,36800,2.475,4.7,2,2.70964459779628,0.0624752475247525,0.010990099009901,TRUE,10.513253124157,0.00381160276332793
"156",2006 Q4,5.14965645187725,2.4803686876515,0.05,0.34,6.58966531605669,37056,2.475,4.7,2,2.66928776422575,0.0124752475247525,-0.019009900990099,TRUE,10.5201855609327,0.00693243677564404
"157",2007 Q1,5.1506833671059,2.54815180184134,0.18,0.37,6.72449038676133,37202,2.05,4.55,2.2625,2.60253156526456,0.142475247524752,0.010990099009901,TRUE,10.5241178022569,0.00393224132422887
"158",2007 Q2,5.10888235463736,2.4314369869933,0.3,0.38,6.59534678236282,37216,2.2875,4.55,1.3875,2.67744536764406,0.262475247524752,0.020990099009901,TRUE,10.5244940553184,0.00037625306149458
"159",2007 Q3,4.64998836827147,2.44477453868902,0.3,0.37,6.82271879612681,37368,2.2875,4.55,1.3875,2.20521382958245,0.262475247524752,0.010990099009901,TRUE,10.5285700021819,0.00407594686355317
"160",2007 Q4,3.89298835479329,2.55605044616946,0.3,0.38,6.91942263179905,37420,2.2875,4.55,1.3875,1.33693790862383,0.262475247524752,0.020990099009901,TRUE,10.5299605998281,0.00139059764613769
"161",2008 Q1,2.22275021318022,2.2185576907004,0.45,1,6.64048125922347,37287,2.175,4.8,0.7875,0.00419252247982405,0.412475247524753,0.640990099009901,TRUE,10.5264000194136,-0.00356058041445984
"162",2008 Q2,1.9409575139578,2.10367654705908,0.45,1,6.72038749618658,37308,2.1125,5.375,-0.4375,-0.162719033101285,0.412475247524753,0.640990099009901,FALSE,10.5269630598468,0.000563040433132045
"163",2008 Q3,1.94065217391304,1.82684589613289,0.45,1,6.67653392996792,36930,2.1125,5.375,-0.4375,0.113806277780153,0.412475247524753,0.640990099009901,TRUE,10.5167795078466,-0.0101835520001448
"164",2008 Q4,0.505326086956522,0.955673218707748,0.55,1,5.79556786815321,36512,2.1125,5.375,-0.4375,-0.450347131751226,0.512475247524752,0.640990099009901,FALSE,10.5053962526618,-0.011383255184807
"165",2009 Q1,0.184444444444444,0.757355915308956,-0.5,-0.5,5.25528440183125,36346,1.4375,6.975,0.2375,-0.572911470864512,-0.537524752475248,-0.859009900990099,FALSE,10.5008394356412,-0.00455681702059607
"166",2009 Q2,0.178021978021978,0.929060546620825,-0.45,-0.5,4.87528311709591,36093,1.3125,9.025,2.9625,-0.751038568598847,-0.487524752475248,-0.859009900990099,FALSE,10.4938542197016,-0.00698521593957224
"167",2009 Q3,-0.268722125448847,0.894830884041192,-0.45,-0.5,4.82646980596195,36252,1.3125,9.025,2.9625,-1.16355300949004,-0.487524752475248,-0.859009900990099,FALSE,10.4982498311747,0.00439561147303813
"168",2009 Q4,-0.413001334827888,1.14433818977351,-0.45,-0.5,5.00460513046761,36129,1.3125,9.025,2.9625,-1.5573395246014,-0.487524752475248,-0.859009900990099,FALSE,10.4948511459286,-0.00339868524608278
"169",2010 Q1,-0.48957921190099,0.952466542868804,-0.35,0,4.66747194690651,36266,1.025,9.85,3.5125,-1.44204575476979,-0.387524752475247,-0.359009900990099,FALSE,10.498635942214,0.00378479628538209
"170",2010 Q2,-0.497138677805948,0.920002346827004,-0.35,0,4.45110086118099,36521,0.9875,9.675,2.9375,-1.41714102463295,-0.387524752475247,-0.359009900990099,FALSE,10.5056427165903,0.00700677437634489
"171",2010 Q3,-0.694639405090916,0.815274881027777,-0.35,0,4.03442947720984,36704,0.9875,9.675,2.9375,-1.50991428611869,-0.387524752475247,-0.359009900990099,FALSE,10.5106410199291,0.00499830333878215
"172",2010 Q4,-0.945330319704238,0.792910404316418,-0.33,0,3.68084286099819,36849,0.9875,9.675,2.9375,-1.73824072402066,-0.367524752475248,-0.359009900990099,FALSE,10.5145837602072,0.00394274027810582
"173",2011 Q1,-1.03133222025211,0.632287723265472,-0.28,0.5,3.72818657740925,36924,1.3375,9.425,3.7375,-1.66361994351759,-0.317524752475248,0.140990099009901,FALSE,10.51661702511,0.00203326490283828
"174",2011 Q2,-1.10952481015187,0.755652039713321,-0.4,0.5,3.83503920331769,36895,1.4,9.05,2.2375,-1.86517684986519,-0.437524752475248,0.140990099009901,FALSE,10.5158313194925,-0.000785705617575516
"175",2011 Q3,-1.3239448256788,0.594513265522908,-0.4,0.5,3.8449578862167,36928,1.4,9.05,2.2375,-1.91845809120171,-0.437524752475248,0.140990099009901,FALSE,10.5167253498678,0.000894030375304666
"176",2011 Q4,-1.4624036076495,0.69355043668073,-0.4,0.5,4.50515113667551,36915,1.4,9.05,2.2375,-2.15595404433023,-0.437524752475248,0.140990099009901,FALSE,10.5163732514933,-0.000352098374506227
"177",2012 Q1,-1.41918480525982,0.873293438590305,-0.75,-0.37,4.99283912807353,37115,1.725,8.675,2.2625,-2.29247824385013,-0.787524752475248,-0.729009900990099,FALSE,10.5217764795516,0.00540322805838223
"178",2012 Q2,-1.20343559434038,0.734058306508106,-0.75,-0.37,4.92038199878415,37114,1.4375,8.175,1.95,-1.93749390084849,-0.787524752475248,-0.729009900990099,FALSE,10.5217495359043,-2.6943647362998e-05
"179",2012 Q3,-1.26596801689731,0.579029172740384,-0.79,-0.38,4.79984802970836,37112,1.4375,8.175,1.95,-1.84499718963769,-0.827524752475248,-0.739009900990099,FALSE,10.5216956464316,-5.38894727046824e-05
"180",2012 Q4,-1.3972399243421,0.564467703730856,-0.79,-0.37,4.68266120957486,37183,1.4375,8.175,1.95,-1.96170762807296,-0.827524752475248,-0.729009900990099,FALSE,10.5236069465625,0.00191130013093677
"181",2013 Q1,-1.40689819355364,0.641994537916518,-0.67,0,4.70136174644944,37364,1.55,7.825,2.625,-2.04889273147016,-0.707524752475248,-0.359009900990099,FALSE,10.5284629529927,0.00485600643022366
"182",2013 Q2,-1.25407146459531,0.519475062963248,-0.67,0,4.82982939463961,37407,1.375,7.5,2.975,-1.77354652755856,-0.707524752475248,-0.359009900990099,FALSE,10.5296131316647,0.00115017867195633
"183",2013 Q3,-1.66367442177969,0.674559375164501,-0.67,0,5.02900773879382,37481,1.375,7.5,2.975,-2.33823379694419,-0.707524752475248,-0.359009900990099,FALSE,10.5315894168929,0.00197628522821169
"184",2013 Q4,-1.99476023787253,0.764356054897242,-0.6,0,5.16696969975428,37731,1.375,7.5,2.975,-2.75911629276977,-0.637524752475248,-0.359009900990099,FALSE,10.5382373167153,0.00664789982235803
"185",2014 Q1,-2.51426502269453,0.491929597116312,-0.5,0.25,4.93115599150924,37798,1.6875,7,3.3875,-3.00619461981084,-0.537524752475248,-0.109009900990099,FALSE,10.540011470155,0.0017741534397171
"186",2014 Q2,-2.92200333252265,0.75468381199303,-0.44,0.25,4.80739849937377,38092,1.65,6.3,2.6875,-3.67668714451568,-0.477524752475248,-0.109009900990099,FALSE,10.5477595653139,0.00774809515895392
"187",2014 Q3,-2.84479930478595,0.8583414175174,-0.35,0.62,4.73798918468535,38385,1.65,6.3,2.6875,-3.70314072230335,-0.387524752475247,0.260990099009901,FALSE,10.555422037262,0.00766247194806091
"188",2014 Q4,-2.66360057100289,0.763215926393202,-0.35,0.62,4.55848836085506,38743,1.65,6.3,2.6875,-3.4268164973961,-0.387524752475247,0.260990099009901,FALSE,10.5647053733019,0.00928333603990161
"189",2015 Q1,-2.01694929048908,0.793112115856445,-0.8,-0.5,4.17964334037908,38973,1.5375,5.775,2.425,-2.81006140634553,-0.837524752475248,-0.859009900990099,FALSE,10.5706243776638,0.00591900436194237
"190",2015 Q2,-1.47687275746478,0.994797359509812,-0.8,-0.5,4.25084553288242,39171,1.0375,5.375,2.225,-2.47167011697459,-0.837524752475248,-0.859009900990099,FALSE,10.5756919560761,0.00506757841230687
"191",2015 Q3,-0.983638510346538,0.95645370805497,-0.8,-0.5,4.28513132623909,39363,1.0375,5.375,2.225,-1.94009221840151,-0.837524752475248,-0.859009900990099,FALSE,10.5805815677738,0.00488961169767599
"192",2015 Q4,-0.0933535949133253,0.885837169300695,-0.8,-0.5,4.06739843372268,39440,1.0375,5.375,2.225,-0.97919076421402,-0.837524752475248,-0.859009900990099,FALSE,10.5825358087166,0.00195424094274621
"193",2016 Q1,0.35978021978022,1.05895340610178,-0.55,0.13,4.15668363971715,39667,1.1125,5,2.4125,-0.69917318632156,-0.587524752475248,-0.229009900990099,FALSE,10.5882748867516,0.00573907803502216
"194",2016 Q2,0.369340659340659,1.16065220244607,-0.55,0.12,4.33827990933908,39792,1.8125,4.9,2.175,-0.791311543105411,-0.587524752475248,-0.239009900990099,FALSE,10.5914211660432,0.0031462792915935
"195",2016 Q3,0.394891304347826,1.18046978798787,-0.55,0.13,4.43869176479046,39988,1.8125,4.9,2.175,-0.785578483640044,-0.587524752475248,-0.229009900990099,FALSE,10.5963346880871,0.00491352204388384
"196",2016 Q4,0.448152173913043,1.12944649396479,-0.55,0.12,4.28649563251327,40116,1.8125,4.9,2.175,-0.681294320051747,-0.587524752475248,-0.239009900990099,FALSE,10.5995305362081,0.00319584812102747
"197",2017 Q1,0.468747980975648,1.16444182252479,-0.8,-0.5,4.38435667020638,40363,1.725,4.75,2.375,-0.695693841549142,-0.837524752475248,-0.859009900990099,FALSE,10.6056688027259,0.00613826651784599
"198",2017 Q2,0.947362637362637,1.07527623309248,-0.8,-0.5,4.35097944608129,40501,1.8375,4.45,2.675,-0.127913595729843,-0.837524752475248,-0.859009900990099,FALSE,10.6090819441478,0.00341314142188409
"199",2017 Q3,1.09683513285731,1.10716938060225,-0.78,-0.5,4.30837116213185,40702,1.8375,4.45,2.675,-0.0103342477449431,-0.817524752475248,-0.859009900990099,FALSE,10.6140325102725,0.00495056612466627
"200",2017 Q4,1.20467391304348,1.29507797804451,-0.56,-0.5,4.50383836974817,41078,1.8375,4.45,2.675,-0.0904040650010318,-0.597524752475248,-0.859009900990099,FALSE,10.6232279773656,0.00919546709310026
"201",2018 Q1,1.447,1.43324321401173,-0.33,0.01,5.00283711476328,41325,1.8375,4.15,3,0.0137567859882699,-0.367524752475248,-0.349009900990099,TRUE,10.6292229226892,0.00599494532363032
"202",2018 Q2,1.73692307692308,1.4172838180188,-0.25,0.01,5.02233801471306,41491,2.05,3.925,2.5375,0.319639258904277,-0.287524752475248,-0.349009900990099,TRUE,10.6332318152298,0.0040088925405346
