"","irf","quart","time"
"1",0.29358484703633,1,1968-01-01
"2",0.669950875541912,2,1968-01-01
"3",0.800866742002979,3,1968-01-01
"4",0.676070694805905,4,1968-01-01
"5",0.504388515760826,5,1968-01-01
"6",0.459945619865827,6,1968-01-01
"7",0.48914644867879,7,1968-01-01
"8",0.507553152172621,8,1968-01-01
"9",0.417542936654132,9,1968-01-01
"10",0.350684177915757,10,1968-01-01
"11",0.459105799374702,11,1968-01-01
"12",0.632269279548216,12,1968-01-01
"13",0.638539179523442,1,1968-04-01
"14",1.04950138976387,2,1968-04-01
"15",1.27601302064902,3,1968-04-01
"16",1.23479687874081,4,1968-04-01
"17",1.26015305724035,5,1968-04-01
"18",1.42963140527828,6,1968-04-01
"19",1.38377725122088,7,1968-04-01
"20",1.29697103612357,8,1968-04-01
"21",1.03852470494518,9,1968-04-01
"22",0.74181247673282,10,1968-04-01
"23",0.698317307679327,11,1968-04-01
"24",0.690454473379183,12,1968-04-01
"25",0.447906522096354,1,1968-07-01
"26",0.839749789799103,2,1968-07-01
"27",1.01343218244989,3,1968-07-01
"28",0.926027145513627,4,1968-07-01
"29",0.842493705370086,5,1968-07-01
"30",0.893752418602975,6,1968-07-01
"31",0.889376018237095,7,1968-07-01
"32",0.860713784466468,8,1968-07-01
"33",0.695350569836972,9,1968-07-01
"34",0.525662627386549,10,1968-07-01
"35",0.566121474142561,11,1968-07-01
"36",0.658299497841017,12,1968-07-01
"37",0.529606232422249,1,1968-10-01
"38",0.929643332641146,2,1968-10-01
"39",1.12596682739238,3,1968-10-01
"40",1.05835703118242,4,1968-10-01
"41",1.02149057045734,5,1968-10-01
"42",1.12341484146382,6,1968-10-01
"43",1.10126226094443,7,1968-10-01
"44",1.0476811780338,8,1968-10-01
"45",0.842425199169063,9,1968-10-01
"46",0.618298277106379,10,1968-10-01
"47",0.622776831372604,11,1968-10-01
"48",0.672080201643088,12,1968-10-01
"49",0.593150451564612,1,1969-01-01
"50",0.999560532629401,2,1969-01-01
"51",1.21349377345875,3,1969-01-01
"52",1.16128027559148,4,1969-01-01
"53",1.16071035441409,5,1969-01-01
"54",1.30204117035558,6,1969-01-01
"55",1.26606267193903,7,1969-01-01
"56",1.1931002619195,8,1969-01-01
"57",0.956816577538467,9,1969-01-01
"58",0.69034822688847,10,1969-01-01
"59",0.666842109218193,11,1969-01-01
"60",0.682798526822476,12,1969-01-01
"61",0.320818083811629,1,1969-04-01
"62",0.699915389822592,2,1969-04-01
"63",0.83837829031714,3,1969-04-01
"64",0.720180656695503,4,1969-04-01
"65",0.564054137456578,5,1969-04-01
"66",0.536499760819441,6,1969-04-01
"67",0.559775196247903,7,1969-04-01
"68",0.569875616695065,8,1969-04-01
"69",0.466567813098163,9,1969-04-01
"70",0.381562727822368,10,1969-04-01
"71",0.477990918451383,11,1969-04-01
"72",0.63686284748224,12,1969-04-01
"73",0.393440048545757,1,1969-07-01
"74",0.779820761237741,2,1969-07-01
"75",0.93840908582157,3,1969-07-01
"76",0.837807221734431,4,1969-07-01
"77",0.723162461978582,5,1969-07-01
"78",0.740644136695746,6,1969-07-01
"79",0.748118523098869,7,1969-07-01
"80",0.736068855421581,8,1969-07-01
"81",0.597300816948911,9,1969-07-01
"82",0.463905527573328,10,1969-07-01
"83",0.528351235989199,11,1969-07-01
"84",0.649112361972969,12,1969-07-01
"85",0.329895829403395,1,1969-10-01
"86",0.709903561249486,2,1969-10-01
"87",0.850882139755194,3,1969-10-01
"88",0.734883977325369,4,1969-10-01
"89",0.583942678021829,5,1969-10-01
"90",0.562017807803979,6,1969-10-01
"91",0.583318112104274,7,1969-10-01
"92",0.590649771535879,8,1969-10-01
"93",0.482909438579506,9,1969-10-01
"94",0.391855577791238,10,1969-10-01
"95",0.48428595814361,11,1969-10-01
"96",0.638394036793581,12,1969-10-01
"97",0.329895829403395,1,1970-01-01
"98",0.709903561249486,2,1970-01-01
"99",0.850882139755194,3,1970-01-01
"100",0.734883977325369,4,1970-01-01
"101",0.583942678021829,5,1970-01-01
"102",0.562017807803979,6,1970-01-01
"103",0.583318112104274,7,1970-01-01
"104",0.590649771535879,8,1970-01-01
"105",0.482909438579506,9,1970-01-01
"106",0.391855577791238,10,1970-01-01
"107",0.48428595814361,11,1970-01-01
"108",0.638394036793581,12,1970-01-01
"109",0.520528486830483,1,1970-04-01
"110",0.919655161214252,2,1970-04-01
"111",1.11346297795432,3,1970-04-01
"112",1.04365371055255,4,1970-04-01
"113",1.00160202989209,5,1970-04-01
"114",1.09789679447928,6,1970-04-01
"115",1.07771934508806,7,1970-04-01
"116",1.02690702319298,8,1970-04-01
"117",0.82608357368772,9,1970-04-01
"118",0.608005427137509,10,1970-04-01
"119",0.616481791680377,11,1970-04-01
"120",0.670549012331747,12,1970-04-01
"121",0.602228197156378,1,1970-07-01
"122",1.00954870405629,2,1970-07-01
"123",1.2259976228968,3,1970-07-01
"124",1.17598359622135,4,1970-07-01
"125",1.18059889497934,5,1970-07-01
"126",1.32755921734012,6,1970-07-01
"127",1.2896055877954,7,1970-07-01
"128",1.21387441676031,8,1970-07-01
"129",0.973158203019811,9,1970-07-01
"130",0.70064107685734,10,1970-07-01
"131",0.67313714891042,11,1970-07-01
"132",0.684329716133818,12,1970-07-01
"133",0.565917214789313,1,1970-10-01
"134",0.96959601834872,2,1970-10-01
"135",1.17598222514459,3,1970-10-01
"136",1.11717031370188,4,1970-10-01
"137",1.10104473271834,5,1970-10-01
"138",1.22548702940197,6,1970-10-01
"139",1.19543392436992,7,1970-10-01
"140",1.13077779739706,8,1970-10-01
"141",0.907791701094437,9,1970-10-01
"142",0.65946967698186,10,1970-10-01
"143",0.647956990141512,11,1970-10-01
"144",0.678204958888453,12,1970-10-01
"145",0.611305942748144,1,1971-01-01
"146",1.01953687548319,2,1971-01-01
"147",1.23850147233486,3,1971-01-01
"148",1.19068691685121,4,1971-01-01
"149",1.2004874355446,5,1971-01-01
"150",1.35307726432466,6,1971-01-01
"151",1.31314850365177,7,1971-01-01
"152",1.23464857160113,8,1971-01-01
"153",0.989499828501154,9,1971-01-01
"154",0.71093392682621,10,1971-01-01
"155",0.679432188602646,11,1971-01-01
"156",0.685860905445159,12,1971-01-01
"157",0.765627617808168,1,1971-04-01
"158",1.18933578974038,2,1971-04-01
"159",1.45106691278177,3,1971-04-01
"160",1.44064336755894,4,1971-04-01
"161",1.53859262515385,5,1971-04-01
"162",1.78688406306181,6,1971-04-01
"163",1.71337807321007,7,1971-04-01
"164",1.58780920389498,8,1971-04-01
"165",1.26730746168399,9,1971-04-01
"166",0.885912376297001,10,1971-04-01
"167",0.786447863370505,11,1971-04-01
"168",0.71189112373796,12,1971-04-01
"169",0.674850161890507,1,1971-07-01
"170",1.08945407547144,2,1971-07-01
"171",1.32602841840123,3,1971-07-01
"172",1.29361016126028,4,1971-07-01
"173",1.33970721950135,5,1971-07-01
"174",1.53170359321643,6,1971-07-01
"175",1.47794891464637,7,1971-07-01
"176",1.38006765548683,8,1971-07-01
"177",1.10389120687056,9,1971-07-01
"178",0.7829838766083,10,1971-07-01
"179",0.723497466448235,11,1971-07-01
"180",0.696579230624548,12,1971-07-01
"181",0.647616925115208,1,1971-10-01
"182",1.05948956119076,2,1971-10-01
"183",1.28851687008707,3,1971-10-01
"184",1.24950019937068,4,1971-10-01
"185",1.2800415978056,5,1971-10-01
"186",1.45514945226281,6,1971-10-01
"187",1.40732016707725,7,1971-10-01
"188",1.31774519096439,8,1971-10-01
"189",1.05486633042653,9,1971-10-01
"190",0.75210532670169,10,1971-10-01
"191",0.704612347371554,11,1971-10-01
"192",0.691985662690524,12,1971-10-01
"193",0.674850161890507,1,1972-01-01
"194",1.08945407547144,2,1972-01-01
"195",1.32602841840123,3,1972-01-01
"196",1.29361016126028,4,1972-01-01
"197",1.33970721950135,5,1972-01-01
"198",1.53170359321643,6,1972-01-01
"199",1.47794891464637,7,1972-01-01
"200",1.38006765548683,8,1972-01-01
"201",1.10389120687056,9,1972-01-01
"202",0.7829838766083,10,1972-01-01
"203",0.723497466448235,11,1972-01-01
"204",0.696579230624548,12,1972-01-01
"205",0.792860854583466,1,1972-04-01
"206",1.21930030402106,2,1972-04-01
"207",1.48857846109593,3,1972-04-01
"208",1.48475332944853,4,1972-04-01
"209",1.59825824684961,5,1972-04-01
"210",1.86343820401542,6,1972-04-01
"211",1.78400682077919,7,1972-04-01
"212",1.65013166841742,8,1972-04-01
"213",1.31633233812802,9,1972-04-01
"214",0.916790926203611,10,1972-04-01
"215",0.805332982447186,11,1972-04-01
"216",0.716484691671983,12,1972-04-01
"217",0.974415766418788,1,1972-07-01
"218",1.41906373255893,2,1972-07-01
"219",1.73865544985701,3,1972-07-01
"220",1.77881974204585,4,1972-07-01
"221",1.99602905815462,5,1972-07-01
"222",2.37379914370619,6,1972-07-01
"223",2.2548651379066,7,1972-07-01
"224",2.06561476523371,8,1972-07-01
"225",1.64316484775489,9,1972-07-01
"226",1.12264792558101,10,1972-07-01
"227",0.931233776291725,11,1972-07-01
"228",0.747108477898808,12,1972-07-01
"229",0.865482819317595,1,1972-10-01
"230",1.29920567543621,2,1972-10-01
"231",1.58860925660036,3,1972-10-01
"232",1.60237989448746,4,1972-10-01
"233",1.75736657137161,5,1972-10-01
"234",2.06758257989173,6,1972-10-01
"235",1.97235014763015,7,1972-10-01
"236",1.81632490714393,8,1972-10-01
"237",1.44706534197877,9,1972-10-01
"238",0.999133725954572,10,1972-10-01
"239",0.855693299985002,11,1972-10-01
"240",0.728734206162713,12,1972-10-01
"241",0.856405073725829,1,1973-01-01
"242",1.28921750400932,2,1973-01-01
"243",1.57610540716231,3,1973-01-01
"244",1.5876765738576,4,1973-01-01
"245",1.73747803080636,5,1973-01-01
"246",2.04206453290719,6,1973-01-01
"247",1.94880723177378,7,1973-01-01
"248",1.79555075230312,8,1973-01-01
"249",1.43072371649743,9,1973-01-01
"250",0.988840875985702,10,1973-01-01
"251",0.849398260292775,11,1973-01-01
"252",0.727203016851372,12,1973-01-01
"253",0.7837831089917,1,1973-04-01
"254",1.20931213259417,2,1973-04-01
"255",1.47607461165788,3,1973-04-01
"256",1.47005000881867,4,1973-04-01
"257",1.57836970628436,5,1973-04-01
"258",1.83792015703089,6,1973-04-01
"259",1.76046390492282,7,1973-04-01
"260",1.6293575135766,8,1973-04-01
"261",1.29999071264668,9,1973-04-01
"262",0.906498076234741,10,1973-04-01
"263",0.799037942754959,11,1973-04-01
"264",0.714953502360642,12,1973-04-01
"265",0.847327328134063,1,1973-07-01
"266",1.27922933258242,2,1973-07-01
"267",1.56360155772425,3,1973-07-01
"268",1.57297325322773,4,1973-07-01
"269",1.71758949024111,5,1973-07-01
"270",2.01654648592265,6,1973-07-01
"271",1.92526431591741,7,1973-07-01
"272",1.77477659746231,8,1973-07-01
"273",1.41438209101609,9,1973-07-01
"274",0.978548026016832,10,1973-07-01
"275",0.843103220600548,11,1973-07-01
"276",0.725671827540031,12,1973-07-01
"277",0.674850161890507,1,1973-10-01
"278",1.08945407547144,2,1973-10-01
"279",1.32602841840123,3,1973-10-01
"280",1.29361016126028,4,1973-10-01
"281",1.33970721950135,5,1973-10-01
"282",1.53170359321643,6,1973-10-01
"283",1.47794891464637,7,1973-10-01
"284",1.38006765548683,8,1973-10-01
"285",1.10389120687056,9,1973-10-01
"286",0.7829838766083,10,1973-10-01
"287",0.723497466448235,11,1973-10-01
"288",0.696579230624548,12,1973-10-01
"289",0.674850161890507,1,1974-01-01
"290",1.08945407547144,2,1974-01-01
"291",1.32602841840123,3,1974-01-01
"292",1.29361016126028,4,1974-01-01
"293",1.33970721950135,5,1974-01-01
"294",1.53170359321643,6,1974-01-01
"295",1.47794891464637,7,1974-01-01
"296",1.38006765548683,8,1974-01-01
"297",1.10389120687056,9,1974-01-01
"298",0.7829838766083,10,1974-01-01
"299",0.723497466448235,11,1974-01-01
"300",0.696579230624548,12,1974-01-01
"301",0.593150451564612,1,1974-04-01
"302",0.999560532629401,2,1974-04-01
"303",1.21349377345875,3,1974-04-01
"304",1.16128027559148,4,1974-04-01
"305",1.16071035441409,5,1974-04-01
"306",1.30204117035558,6,1974-04-01
"307",1.26606267193903,7,1974-04-01
"308",1.1931002619195,8,1974-04-01
"309",0.956816577538467,9,1974-04-01
"310",0.69034822688847,10,1974-04-01
"311",0.666842109218193,11,1974-04-01
"312",0.682798526822476,12,1974-04-01
"313",0.556839469197547,1,1974-07-01
"314",0.959607846921826,2,1974-07-01
"315",1.16347837570654,3,1974-07-01
"316",1.10246699307202,4,1974-07-01
"317",1.08115619215309,5,1974-07-01
"318",1.19996898241743,6,1974-07-01
"319",1.17189100851354,7,1974-07-01
"320",1.11000364255624,8,1974-07-01
"321",0.891450075613094,9,1974-07-01
"322",0.64917682701299,10,1974-07-01
"323",0.641661950449285,11,1974-07-01
"324",0.676673769577112,12,1974-07-01
"325",0.565917214789313,1,1974-10-01
"326",0.96959601834872,2,1974-10-01
"327",1.17598222514459,3,1974-10-01
"328",1.11717031370188,4,1974-10-01
"329",1.10104473271834,5,1974-10-01
"330",1.22548702940197,6,1974-10-01
"331",1.19543392436992,7,1974-10-01
"332",1.13077779739706,8,1974-10-01
"333",0.907791701094437,9,1974-10-01
"334",0.65946967698186,10,1974-10-01
"335",0.647956990141512,11,1974-10-01
"336",0.678204958888453,12,1974-10-01
"337",0.556839469197547,1,1975-01-01
"338",0.959607846921826,2,1975-01-01
"339",1.16347837570654,3,1975-01-01
"340",1.10246699307202,4,1975-01-01
"341",1.08115619215309,5,1975-01-01
"342",1.19996898241743,6,1975-01-01
"343",1.17189100851354,7,1975-01-01
"344",1.11000364255624,8,1975-01-01
"345",0.891450075613094,9,1975-01-01
"346",0.64917682701299,10,1975-01-01
"347",0.641661950449285,11,1975-01-01
"348",0.676673769577112,12,1975-01-01
"349",0.792860854583466,1,1975-04-01
"350",1.21930030402106,2,1975-04-01
"351",1.48857846109593,3,1975-04-01
"352",1.48475332944853,4,1975-04-01
"353",1.59825824684961,5,1975-04-01
"354",1.86343820401542,6,1975-04-01
"355",1.78400682077919,7,1975-04-01
"356",1.65013166841742,8,1975-04-01
"357",1.31633233812802,9,1975-04-01
"358",0.916790926203611,10,1975-04-01
"359",0.805332982447186,11,1975-04-01
"360",0.716484691671983,12,1975-04-01
"361",0.683927907482273,1,1975-07-01
"362",1.09944224689834,2,1975-07-01
"363",1.33853226783929,3,1975-07-01
"364",1.30831348189014,4,1975-07-01
"365",1.3595957600666,5,1975-07-01
"366",1.55722164020097,6,1975-07-01
"367",1.50149183050274,7,1975-07-01
"368",1.40084181032764,8,1975-07-01
"369",1.1202328323519,9,1975-07-01
"370",0.793276726577171,10,1975-07-01
"371",0.729792506140462,11,1975-07-01
"372",0.698110419935889,12,1975-07-01
"373",0.765627617808168,1,1975-10-01
"374",1.18933578974038,2,1975-10-01
"375",1.45106691278177,3,1975-10-01
"376",1.44064336755894,4,1975-10-01
"377",1.53859262515385,5,1975-10-01
"378",1.78688406306181,6,1975-10-01
"379",1.71337807321007,7,1975-10-01
"380",1.58780920389498,8,1975-10-01
"381",1.26730746168399,9,1975-10-01
"382",0.885912376297001,10,1975-10-01
"383",0.786447863370505,11,1975-10-01
"384",0.71189112373796,12,1975-10-01
"385",0.747472126624636,1,1976-01-01
"386",1.16935944688659,2,1976-01-01
"387",1.42605921390566,3,1976-01-01
"388",1.4112367262992,4,1976-01-01
"389",1.49881554402335,5,1976-01-01
"390",1.73584796909273,6,1976-01-01
"391",1.66629224149733,7,1976-01-01
"392",1.54626089421335,8,1976-01-01
"393",1.23462421072131,9,1976-01-01
"394",0.865326676359261,10,1976-01-01
"395",0.773857783986051,11,1976-01-01
"396",0.708828745115277,12,1976-01-01
"397",1.09242645911175,1,1976-04-01
"398",1.54890996110855,2,1976-04-01
"399",1.9012054925517,3,1976-04-01
"400",1.96996291023411,4,1976-04-01
"401",2.25458008550287,5,1976-04-01
"402",2.70553375450518,6,1976-04-01
"403",2.56092304403943,7,1976-04-01
"404",2.3356787781643,8,1976-04-01
"405",1.85560597901236,9,1976-04-01
"406",1.25645497517632,10,1976-04-01
"407",1.01306929229068,11,1976-04-01
"408",0.767013938946244,12,1976-04-01
"409",1.04703773115292,1,1976-07-01
"410",1.49896910397408,2,1976-07-01
"411",1.83868624536144,3,1976-07-01
"412",1.89644630708478,4,1976-07-01
"413",2.15513738267662,5,1976-07-01
"414",2.57794351958249,6,1976-07-01
"415",2.44320846475757,7,1976-07-01
"416",2.23180800396023,8,1976-07-01
"417",1.77389785160564,9,1976-07-01
"418",1.20499072533197,10,1976-07-01
"419",0.981594093829541,11,1976-07-01
"420",0.759357992389538,12,1976-07-01
"421",1.04703773115292,1,1976-10-01
"422",1.49896910397408,2,1976-10-01
"423",1.83868624536144,3,1976-10-01
"424",1.89644630708478,4,1976-10-01
"425",2.15513738267662,5,1976-10-01
"426",2.57794351958249,6,1976-10-01
"427",2.44320846475757,7,1976-10-01
"428",2.23180800396023,8,1976-10-01
"429",1.77389785160564,9,1976-10-01
"430",1.20499072533197,10,1976-10-01
"431",0.981594093829541,11,1976-10-01
"432",0.759357992389538,12,1976-10-01
"433",1.04703773115292,1,1977-01-01
"434",1.49896910397408,2,1977-01-01
"435",1.83868624536144,3,1977-01-01
"436",1.89644630708478,4,1977-01-01
"437",2.15513738267662,5,1977-01-01
"438",2.57794351958249,6,1977-01-01
"439",2.44320846475757,7,1977-01-01
"440",2.23180800396023,8,1977-01-01
"441",1.77389785160564,9,1977-01-01
"442",1.20499072533197,10,1977-01-01
"443",0.981594093829541,11,1977-01-01
"444",0.759357992389538,12,1977-01-01
"445",0.865482819317595,1,1977-04-01
"446",1.29920567543621,2,1977-04-01
"447",1.58860925660036,3,1977-04-01
"448",1.60237989448746,4,1977-04-01
"449",1.75736657137161,5,1977-04-01
"450",2.06758257989173,6,1977-04-01
"451",1.97235014763015,7,1977-04-01
"452",1.81632490714393,8,1977-04-01
"453",1.44706534197877,9,1977-04-01
"454",0.999133725954572,10,1977-04-01
"455",0.855693299985002,11,1977-04-01
"456",0.728734206162713,12,1977-04-01
"457",0.865482819317595,1,1977-07-01
"458",1.29920567543621,2,1977-07-01
"459",1.58860925660036,3,1977-07-01
"460",1.60237989448746,4,1977-07-01
"461",1.75736657137161,5,1977-07-01
"462",2.06758257989173,6,1977-07-01
"463",1.97235014763015,7,1977-07-01
"464",1.81632490714393,8,1977-07-01
"465",1.44706534197877,9,1977-07-01
"466",0.999133725954572,10,1977-07-01
"467",0.855693299985002,11,1977-07-01
"468",0.728734206162713,12,1977-07-01
"469",1.01072674878585,1,1977-10-01
"470",1.45901641826651,2,1977-10-01
"471",1.78867084760922,3,1977-10-01
"472",1.83763302456532,4,1977-10-01
"473",2.07558322041562,5,1977-10-01
"474",2.47587133164434,6,1977-10-01
"475",2.34903680133209,7,1977-10-01
"476",2.14871138459697,8,1977-10-01
"477",1.70853134968027,9,1977-10-01
"478",1.16381932545649,10,1977-10-01
"479",0.956413935060633,11,1977-10-01
"480",0.753233235144173,12,1977-10-01
"481",0.892716056092893,1,1978-01-01
"482",1.32917018971689,2,1978-01-01
"483",1.62612080491452,3,1978-01-01
"484",1.64648985637706,4,1978-01-01
"485",1.81703219306736,5,1978-01-01
"486",2.14413672084534,6,1978-01-01
"487",2.04297889519927,7,1978-01-01
"488",1.87864737166638,8,1978-01-01
"489",1.4960902184228,9,1978-01-01
"490",1.03001227586118,10,1978-01-01
"491",0.874578419061683,11,1978-01-01
"492",0.733327774096737,12,1978-01-01
"493",0.892716056092893,1,1978-04-01
"494",1.32917018971689,2,1978-04-01
"495",1.62612080491452,3,1978-04-01
"496",1.64648985637706,4,1978-04-01
"497",1.81703219306736,5,1978-04-01
"498",2.14413672084534,6,1978-04-01
"499",2.04297889519927,7,1978-04-01
"500",1.87864737166638,8,1978-04-01
"501",1.4960902184228,9,1978-04-01
"502",1.03001227586118,10,1978-04-01
"503",0.874578419061683,11,1978-04-01
"504",0.733327774096737,12,1978-04-01
"505",0.838249582542297,1,1978-07-01
"506",1.26924116115553,2,1978-07-01
"507",1.5510977082862,3,1978-07-01
"508",1.55826993259786,4,1978-07-01
"509",1.69770094967586,5,1978-07-01
"510",1.99102843893811,6,1978-07-01
"511",1.90172140006104,7,1978-07-01
"512",1.75400244262149,8,1978-07-01
"513",1.39804046553474,9,1978-07-01
"514",0.968255176047962,10,1978-07-01
"515",0.836808180908321,11,1978-07-01
"516",0.72414063822869,12,1978-07-01
"517",0.847327328134063,1,1978-10-01
"518",1.27922933258242,2,1978-10-01
"519",1.56360155772425,3,1978-10-01
"520",1.57297325322773,4,1978-10-01
"521",1.71758949024111,5,1978-10-01
"522",2.01654648592265,6,1978-10-01
"523",1.92526431591741,7,1978-10-01
"524",1.77477659746231,8,1978-10-01
"525",1.41438209101609,9,1978-10-01
"526",0.978548026016832,10,1978-10-01
"527",0.843103220600548,11,1978-10-01
"528",0.725671827540031,12,1978-10-01
"529",0.792860854583466,1,1979-01-01
"530",1.21930030402106,2,1979-01-01
"531",1.48857846109593,3,1979-01-01
"532",1.48475332944853,4,1979-01-01
"533",1.59825824684961,5,1979-01-01
"534",1.86343820401542,6,1979-01-01
"535",1.78400682077919,7,1979-01-01
"536",1.65013166841742,8,1979-01-01
"537",1.31633233812802,9,1979-01-01
"538",0.916790926203611,10,1979-01-01
"539",0.805332982447186,11,1979-01-01
"540",0.716484691671983,12,1979-01-01
"541",0.838249582542297,1,1979-04-01
"542",1.26924116115553,2,1979-04-01
"543",1.5510977082862,3,1979-04-01
"544",1.55826993259786,4,1979-04-01
"545",1.69770094967586,5,1979-04-01
"546",1.99102843893811,6,1979-04-01
"547",1.90172140006104,7,1979-04-01
"548",1.75400244262149,8,1979-04-01
"549",1.39804046553474,9,1979-04-01
"550",0.968255176047962,10,1979-04-01
"551",0.836808180908321,11,1979-04-01
"552",0.72414063822869,12,1979-04-01
"553",0.729316635441103,1,1979-07-01
"554",1.1493831040328,2,1979-07-01
"555",1.40105151502956,3,1979-07-01
"556",1.38183008503947,4,1979-07-01
"557",1.45903846289285,5,1979-07-01
"558",1.68481187512366,6,1979-07-01
"559",1.61920640978459,7,1979-07-01
"560",1.50471258453172,8,1979-07-01
"561",1.20194095975862,9,1979-07-01
"562",0.844740976421521,10,1979-07-01
"563",0.761267704601597,11,1979-07-01
"564",0.705766366492595,12,1979-07-01
"565",0.856405073725829,1,1979-10-01
"566",1.28921750400932,2,1979-10-01
"567",1.57610540716231,3,1979-10-01
"568",1.5876765738576,4,1979-10-01
"569",1.73747803080636,5,1979-10-01
"570",2.04206453290719,6,1979-10-01
"571",1.94880723177378,7,1979-10-01
"572",1.79555075230312,8,1979-10-01
"573",1.43072371649743,9,1979-10-01
"574",0.988840875985702,10,1979-10-01
"575",0.849398260292775,11,1979-10-01
"576",0.727203016851372,12,1979-10-01
"577",0.856405073725829,1,1980-01-01
"578",1.28921750400932,2,1980-01-01
"579",1.57610540716231,3,1980-01-01
"580",1.5876765738576,4,1980-01-01
"581",1.73747803080636,5,1980-01-01
"582",2.04206453290719,6,1980-01-01
"583",1.94880723177378,7,1980-01-01
"584",1.79555075230312,8,1980-01-01
"585",1.43072371649743,9,1980-01-01
"586",0.988840875985702,10,1980-01-01
"587",0.849398260292775,11,1980-01-01
"588",0.727203016851372,12,1980-01-01
"589",0.765627617808168,1,1980-04-01
"590",1.18933578974038,2,1980-04-01
"591",1.45106691278177,3,1980-04-01
"592",1.44064336755894,4,1980-04-01
"593",1.53859262515385,5,1980-04-01
"594",1.78688406306181,6,1980-04-01
"595",1.71337807321007,7,1980-04-01
"596",1.58780920389498,8,1980-04-01
"597",1.26730746168399,9,1980-04-01
"598",0.885912376297001,10,1980-04-01
"599",0.786447863370505,11,1980-04-01
"600",0.71189112373796,12,1980-04-01
"601",0.829171836950531,1,1980-07-01
"602",1.25925298972863,2,1980-07-01
"603",1.53859385884815,3,1980-07-01
"604",1.543566611968,4,1980-07-01
"605",1.67781240911061,5,1980-07-01
"606",1.96551039195358,6,1980-07-01
"607",1.87817848420467,7,1980-07-01
"608",1.73322828778068,8,1980-07-01
"609",1.3816988400534,9,1980-07-01
"610",0.957962326079092,10,1980-07-01
"611",0.830513141216094,11,1980-07-01
"612",0.722609448917348,12,1980-07-01
"613",0.892716056092893,1,1980-10-01
"614",1.32917018971689,2,1980-10-01
"615",1.62612080491452,3,1980-10-01
"616",1.64648985637706,4,1980-10-01
"617",1.81703219306736,5,1980-10-01
"618",2.14413672084534,6,1980-10-01
"619",2.04297889519927,7,1980-10-01
"620",1.87864737166638,8,1980-10-01
"621",1.4960902184228,9,1980-10-01
"622",1.03001227586118,10,1980-10-01
"623",0.874578419061683,11,1980-10-01
"624",0.733327774096737,12,1980-10-01
"625",0.892716056092893,1,1981-01-01
"626",1.32917018971689,2,1981-01-01
"627",1.62612080491452,3,1981-01-01
"628",1.64648985637706,4,1981-01-01
"629",1.81703219306736,5,1981-01-01
"630",2.14413672084534,6,1981-01-01
"631",2.04297889519927,7,1981-01-01
"632",1.87864737166638,8,1981-01-01
"633",1.4960902184228,9,1981-01-01
"634",1.03001227586118,10,1981-01-01
"635",0.874578419061683,11,1981-01-01
"636",0.733327774096737,12,1981-01-01
"637",0.811016345766998,1,1981-04-01
"638",1.23927664687485,2,1981-04-01
"639",1.51358615997204,3,1981-04-01
"640",1.51415997070827,4,1981-04-01
"641",1.63803532798011,5,1981-04-01
"642",1.9144742979845,6,1981-04-01
"643",1.83109265249193,7,1981-04-01
"644",1.69167997809905,8,1981-04-01
"645",1.34901558909071,9,1981-04-01
"646",0.937376626141352,10,1981-04-01
"647",0.81792306183164,11,1981-04-01
"648",0.719547070294666,12,1981-04-01
"649",0.7837831089917,1,1981-07-01
"650",1.20931213259417,2,1981-07-01
"651",1.47607461165788,3,1981-07-01
"652",1.47005000881867,4,1981-07-01
"653",1.57836970628436,5,1981-07-01
"654",1.83792015703089,6,1981-07-01
"655",1.76046390492282,7,1981-07-01
"656",1.6293575135766,8,1981-07-01
"657",1.29999071264668,9,1981-07-01
"658",0.906498076234741,10,1981-07-01
"659",0.799037942754959,11,1981-07-01
"660",0.714953502360642,12,1981-07-01
"661",0.865482819317595,1,1981-10-01
"662",1.29920567543621,2,1981-10-01
"663",1.58860925660036,3,1981-10-01
"664",1.60237989448746,4,1981-10-01
"665",1.75736657137161,5,1981-10-01
"666",2.06758257989173,6,1981-10-01
"667",1.97235014763015,7,1981-10-01
"668",1.81632490714393,8,1981-10-01
"669",1.44706534197877,9,1981-10-01
"670",0.999133725954572,10,1981-10-01
"671",0.855693299985002,11,1981-10-01
"672",0.728734206162713,12,1981-10-01
"673",0.865482819317595,1,1982-01-01
"674",1.29920567543621,2,1982-01-01
"675",1.58860925660036,3,1982-01-01
"676",1.60237989448746,4,1982-01-01
"677",1.75736657137161,5,1982-01-01
"678",2.06758257989173,6,1982-01-01
"679",1.97235014763015,7,1982-01-01
"680",1.81632490714393,8,1982-01-01
"681",1.44706534197877,9,1982-01-01
"682",0.999133725954572,10,1982-01-01
"683",0.855693299985002,11,1982-01-01
"684",0.728734206162713,12,1982-01-01
"685",0.892716056092893,1,1982-04-01
"686",1.32917018971689,2,1982-04-01
"687",1.62612080491452,3,1982-04-01
"688",1.64648985637706,4,1982-04-01
"689",1.81703219306736,5,1982-04-01
"690",2.14413672084534,6,1982-04-01
"691",2.04297889519927,7,1982-04-01
"692",1.87864737166638,8,1982-04-01
"693",1.4960902184228,9,1982-04-01
"694",1.03001227586118,10,1982-04-01
"695",0.874578419061683,11,1982-04-01
"696",0.733327774096737,12,1982-04-01
"697",0.856405073725829,1,1982-07-01
"698",1.28921750400932,2,1982-07-01
"699",1.57610540716231,3,1982-07-01
"700",1.5876765738576,4,1982-07-01
"701",1.73747803080636,5,1982-07-01
"702",2.04206453290719,6,1982-07-01
"703",1.94880723177378,7,1982-07-01
"704",1.79555075230312,8,1982-07-01
"705",1.43072371649743,9,1982-07-01
"706",0.988840875985702,10,1982-07-01
"707",0.849398260292775,11,1982-07-01
"708",0.727203016851372,12,1982-07-01
"709",0.7837831089917,1,1982-10-01
"710",1.20931213259417,2,1982-10-01
"711",1.47607461165788,3,1982-10-01
"712",1.47005000881867,4,1982-10-01
"713",1.57836970628436,5,1982-10-01
"714",1.83792015703089,6,1982-10-01
"715",1.76046390492282,7,1982-10-01
"716",1.6293575135766,8,1982-10-01
"717",1.29999071264668,9,1982-10-01
"718",0.906498076234741,10,1982-10-01
"719",0.799037942754959,11,1982-10-01
"720",0.714953502360642,12,1982-10-01
"721",0.7837831089917,1,1983-01-01
"722",1.20931213259417,2,1983-01-01
"723",1.47607461165788,3,1983-01-01
"724",1.47005000881867,4,1983-01-01
"725",1.57836970628436,5,1983-01-01
"726",1.83792015703089,6,1983-01-01
"727",1.76046390492282,7,1983-01-01
"728",1.6293575135766,8,1983-01-01
"729",1.29999071264668,9,1983-01-01
"730",0.906498076234741,10,1983-01-01
"731",0.799037942754959,11,1983-01-01
"732",0.714953502360642,12,1983-01-01
"733",0.447906522096354,1,1983-04-01
"734",0.839749789799103,2,1983-04-01
"735",1.01343218244989,3,1983-04-01
"736",0.926027145513627,4,1983-04-01
"737",0.842493705370086,5,1983-04-01
"738",0.893752418602975,6,1983-04-01
"739",0.889376018237095,7,1983-04-01
"740",0.860713784466468,8,1983-04-01
"741",0.695350569836972,9,1983-04-01
"742",0.525662627386549,10,1983-04-01
"743",0.566121474142561,11,1983-04-01
"744",0.658299497841017,12,1983-04-01
"745",0.447906522096354,1,1983-07-01
"746",0.839749789799103,2,1983-07-01
"747",1.01343218244989,3,1983-07-01
"748",0.926027145513627,4,1983-07-01
"749",0.842493705370086,5,1983-07-01
"750",0.893752418602975,6,1983-07-01
"751",0.889376018237095,7,1983-07-01
"752",0.860713784466468,8,1983-07-01
"753",0.695350569836972,9,1983-07-01
"754",0.525662627386549,10,1983-07-01
"755",0.566121474142561,11,1983-07-01
"756",0.658299497841017,12,1983-07-01
"757",0.447906522096354,1,1983-10-01
"758",0.839749789799103,2,1983-10-01
"759",1.01343218244989,3,1983-10-01
"760",0.926027145513627,4,1983-10-01
"761",0.842493705370086,5,1983-10-01
"762",0.893752418602975,6,1983-10-01
"763",0.889376018237095,7,1983-10-01
"764",0.860713784466468,8,1983-10-01
"765",0.695350569836972,9,1983-10-01
"766",0.525662627386549,10,1983-10-01
"767",0.566121474142561,11,1983-10-01
"768",0.658299497841017,12,1983-10-01
"769",0.447906522096354,1,1984-01-01
"770",0.839749789799103,2,1984-01-01
"771",1.01343218244989,3,1984-01-01
"772",0.926027145513627,4,1984-01-01
"773",0.842493705370086,5,1984-01-01
"774",0.893752418602975,6,1984-01-01
"775",0.889376018237095,7,1984-01-01
"776",0.860713784466468,8,1984-01-01
"777",0.695350569836972,9,1984-01-01
"778",0.525662627386549,10,1984-01-01
"779",0.566121474142561,11,1984-01-01
"780",0.658299497841017,12,1984-01-01
"781",0.711161144257571,1,1984-04-01
"782",1.12940676117902,2,1984-04-01
"783",1.37604381615345,3,1984-04-01
"784",1.35242344377974,4,1984-04-01
"785",1.41926138176235,5,1984-04-01
"786",1.63377578115458,6,1984-04-01
"787",1.57212057807185,7,1984-04-01
"788",1.46316427485009,8,1984-04-01
"789",1.16925770879593,9,1984-04-01
"790",0.824155276483781,10,1984-04-01
"791",0.748677625217143,11,1984-04-01
"792",0.702703987869912,12,1984-04-01
"793",0.7837831089917,1,1984-07-01
"794",1.20931213259417,2,1984-07-01
"795",1.47607461165788,3,1984-07-01
"796",1.47005000881867,4,1984-07-01
"797",1.57836970628436,5,1984-07-01
"798",1.83792015703089,6,1984-07-01
"799",1.76046390492282,7,1984-07-01
"800",1.6293575135766,8,1984-07-01
"801",1.29999071264668,9,1984-07-01
"802",0.906498076234741,10,1984-07-01
"803",0.799037942754959,11,1984-07-01
"804",0.714953502360642,12,1984-07-01
"805",0.7837831089917,1,1984-10-01
"806",1.20931213259417,2,1984-10-01
"807",1.47607461165788,3,1984-10-01
"808",1.47005000881867,4,1984-10-01
"809",1.57836970628436,5,1984-10-01
"810",1.83792015703089,6,1984-10-01
"811",1.76046390492282,7,1984-10-01
"812",1.6293575135766,8,1984-10-01
"813",1.29999071264668,9,1984-10-01
"814",0.906498076234741,10,1984-10-01
"815",0.799037942754959,11,1984-10-01
"816",0.714953502360642,12,1984-10-01
"817",0.638539179523442,1,1985-01-01
"818",1.04950138976387,2,1985-01-01
"819",1.27601302064902,3,1985-01-01
"820",1.23479687874081,4,1985-01-01
"821",1.26015305724035,5,1985-01-01
"822",1.42963140527828,6,1985-01-01
"823",1.38377725122088,7,1985-01-01
"824",1.29697103612357,8,1985-01-01
"825",1.03852470494518,9,1985-01-01
"826",0.74181247673282,10,1985-01-01
"827",0.698317307679327,11,1985-01-01
"828",0.690454473379183,12,1985-01-01
"829",0.665772416298741,1,1985-04-01
"830",1.07946590404455,2,1985-04-01
"831",1.31352456896318,3,1985-04-01
"832",1.27890684063041,4,1985-04-01
"833",1.3198186789361,5,1985-04-01
"834",1.50618554623189,6,1985-04-01
"835",1.45440599879,7,1985-04-01
"836",1.35929350064602,8,1985-04-01
"837",1.08754958138922,9,1985-04-01
"838",0.77269102663943,10,1985-04-01
"839",0.717202426756008,11,1985-04-01
"840",0.695048041313206,12,1985-04-01
"841",0.602228197156378,1,1985-07-01
"842",1.00954870405629,2,1985-07-01
"843",1.2259976228968,3,1985-07-01
"844",1.17598359622135,4,1985-07-01
"845",1.18059889497934,5,1985-07-01
"846",1.32755921734012,6,1985-07-01
"847",1.2896055877954,7,1985-07-01
"848",1.21387441676031,8,1985-07-01
"849",0.973158203019811,9,1985-07-01
"850",0.70064107685734,10,1985-07-01
"851",0.67313714891042,11,1985-07-01
"852",0.684329716133818,12,1985-07-01
"853",0.602228197156378,1,1985-10-01
"854",1.00954870405629,2,1985-10-01
"855",1.2259976228968,3,1985-10-01
"856",1.17598359622135,4,1985-10-01
"857",1.18059889497934,5,1985-10-01
"858",1.32755921734012,6,1985-10-01
"859",1.2896055877954,7,1985-10-01
"860",1.21387441676031,8,1985-10-01
"861",0.973158203019811,9,1985-10-01
"862",0.70064107685734,10,1985-10-01
"863",0.67313714891042,11,1985-10-01
"864",0.684329716133818,12,1985-10-01
"865",0.565917214789313,1,1986-01-01
"866",0.96959601834872,2,1986-01-01
"867",1.17598222514459,3,1986-01-01
"868",1.11717031370188,4,1986-01-01
"869",1.10104473271834,5,1986-01-01
"870",1.22548702940197,6,1986-01-01
"871",1.19543392436992,7,1986-01-01
"872",1.13077779739706,8,1986-01-01
"873",0.907791701094437,9,1986-01-01
"874",0.65946967698186,10,1986-01-01
"875",0.647956990141512,11,1986-01-01
"876",0.678204958888453,12,1986-01-01
"877",0.565917214789313,1,1986-04-01
"878",0.96959601834872,2,1986-04-01
"879",1.17598222514459,3,1986-04-01
"880",1.11717031370188,4,1986-04-01
"881",1.10104473271834,5,1986-04-01
"882",1.22548702940197,6,1986-04-01
"883",1.19543392436992,7,1986-04-01
"884",1.13077779739706,8,1986-04-01
"885",0.907791701094437,9,1986-04-01
"886",0.65946967698186,10,1986-04-01
"887",0.647956990141512,11,1986-04-01
"888",0.678204958888453,12,1986-04-01
"889",0.565917214789313,1,1986-07-01
"890",0.96959601834872,2,1986-07-01
"891",1.17598222514459,3,1986-07-01
"892",1.11717031370188,4,1986-07-01
"893",1.10104473271834,5,1986-07-01
"894",1.22548702940197,6,1986-07-01
"895",1.19543392436992,7,1986-07-01
"896",1.13077779739706,8,1986-07-01
"897",0.907791701094437,9,1986-07-01
"898",0.65946967698186,10,1986-07-01
"899",0.647956990141512,11,1986-07-01
"900",0.678204958888453,12,1986-07-01
"901",0.556839469197547,1,1986-10-01
"902",0.959607846921826,2,1986-10-01
"903",1.16347837570654,3,1986-10-01
"904",1.10246699307202,4,1986-10-01
"905",1.08115619215309,5,1986-10-01
"906",1.19996898241743,6,1986-10-01
"907",1.17189100851354,7,1986-10-01
"908",1.11000364255624,8,1986-10-01
"909",0.891450075613094,9,1986-10-01
"910",0.64917682701299,10,1986-10-01
"911",0.641661950449285,11,1986-10-01
"912",0.676673769577112,12,1986-10-01
"913",0.693005653074039,1,1987-01-01
"914",1.10943041832523,2,1987-01-01
"915",1.35103611727734,3,1987-01-01
"916",1.32301680252001,4,1987-01-01
"917",1.37948430063185,5,1987-01-01
"918",1.5827396871855,6,1987-01-01
"919",1.52503474635911,7,1987-01-01
"920",1.42161596516846,8,1987-01-01
"921",1.13657445783325,9,1987-01-01
"922",0.803569576546041,10,1987-01-01
"923",0.736087545832689,11,1987-01-01
"924",0.69964160924723,12,1987-01-01
"925",0.384362302953991,1,1987-04-01
"926",0.769832589810848,2,1987-04-01
"927",0.925905236383516,3,1987-04-01
"928",0.823103901104565,4,1987-04-01
"929",0.703273921413332,5,1987-04-01
"930",0.715126089711208,6,1987-04-01
"931",0.724575607242499,7,1987-04-01
"932",0.715294700580766,8,1987-04-01
"933",0.580959191467567,9,1987-04-01
"934",0.453612677604458,10,1987-04-01
"935",0.522056196296972,11,1987-04-01
"936",0.647581172661628,12,1987-04-01
"937",0.393440048545757,1,1987-07-01
"938",0.779820761237741,2,1987-07-01
"939",0.93840908582157,3,1987-07-01
"940",0.837807221734431,4,1987-07-01
"941",0.723162461978582,5,1987-07-01
"942",0.740644136695746,6,1987-07-01
"943",0.748118523098869,7,1987-07-01
"944",0.736068855421581,8,1987-07-01
"945",0.597300816948911,9,1987-07-01
"946",0.463905527573328,10,1987-07-01
"947",0.528351235989199,11,1987-07-01
"948",0.649112361972969,12,1987-07-01
"949",0.311740338219862,1,1987-10-01
"950",0.689927218395699,2,1987-10-01
"951",0.825874440879087,3,1987-10-01
"952",0.705477336065637,4,1987-10-01
"953",0.544165596891327,5,1987-10-01
"954",0.510981713834903,6,1987-10-01
"955",0.536232280391532,7,1987-10-01
"956",0.54910146185425,8,1987-10-01
"957",0.450226187616819,9,1987-10-01
"958",0.371269877853498,10,1987-10-01
"959",0.471695878759156,11,1987-10-01
"960",0.635331658170898,12,1987-10-01
"961",0.311740338219862,1,1988-01-01
"962",0.689927218395699,2,1988-01-01
"963",0.825874440879087,3,1988-01-01
"964",0.705477336065637,4,1988-01-01
"965",0.544165596891327,5,1988-01-01
"966",0.510981713834903,6,1988-01-01
"967",0.536232280391532,7,1988-01-01
"968",0.54910146185425,8,1988-01-01
"969",0.450226187616819,9,1988-01-01
"970",0.371269877853498,10,1988-01-01
"971",0.471695878759156,11,1988-01-01
"972",0.635331658170898,12,1988-01-01
"973",0.520528486830483,1,1988-04-01
"974",0.919655161214252,2,1988-04-01
"975",1.11346297795432,3,1988-04-01
"976",1.04365371055255,4,1988-04-01
"977",1.00160202989209,5,1988-04-01
"978",1.09789679447928,6,1988-04-01
"979",1.07771934508806,7,1988-04-01
"980",1.02690702319298,8,1988-04-01
"981",0.82608357368772,9,1988-04-01
"982",0.608005427137509,10,1988-04-01
"983",0.616481791680377,11,1988-04-01
"984",0.670549012331747,12,1988-04-01
"985",0.602228197156378,1,1988-07-01
"986",1.00954870405629,2,1988-07-01
"987",1.2259976228968,3,1988-07-01
"988",1.17598359622135,4,1988-07-01
"989",1.18059889497934,5,1988-07-01
"990",1.32755921734012,6,1988-07-01
"991",1.2896055877954,7,1988-07-01
"992",1.21387441676031,8,1988-07-01
"993",0.973158203019811,9,1988-07-01
"994",0.70064107685734,10,1988-07-01
"995",0.67313714891042,11,1988-07-01
"996",0.684329716133818,12,1988-07-01
"997",0.747472126624636,1,1988-10-01
"998",1.16935944688659,2,1988-10-01
"999",1.42605921390566,3,1988-10-01
"1000",1.4112367262992,4,1988-10-01
"1001",1.49881554402335,5,1988-10-01
"1002",1.73584796909273,6,1988-10-01
"1003",1.66629224149733,7,1988-10-01
"1004",1.54626089421335,8,1988-10-01
"1005",1.23462421072131,9,1988-10-01
"1006",0.865326676359261,10,1988-10-01
"1007",0.773857783986051,11,1988-10-01
"1008",0.708828745115277,12,1988-10-01
"1009",0.747472126624636,1,1989-01-01
"1010",1.16935944688659,2,1989-01-01
"1011",1.42605921390566,3,1989-01-01
"1012",1.4112367262992,4,1989-01-01
"1013",1.49881554402335,5,1989-01-01
"1014",1.73584796909273,6,1989-01-01
"1015",1.66629224149733,7,1989-01-01
"1016",1.54626089421335,8,1989-01-01
"1017",1.23462421072131,9,1989-01-01
"1018",0.865326676359261,10,1989-01-01
"1019",0.773857783986051,11,1989-01-01
"1020",0.708828745115277,12,1989-01-01
"1021",0.438828776504588,1,1989-04-01
"1022",0.829761618372209,2,1989-04-01
"1023",1.00092833301184,3,1989-04-01
"1024",0.911323824883761,4,1989-04-01
"1025",0.822605164804835,5,1989-04-01
"1026",0.868234371618437,6,1989-04-01
"1027",0.865833102380724,7,1989-04-01
"1028",0.839939629625653,8,1989-04-01
"1029",0.679008944355628,9,1989-04-01
"1030",0.515369777417679,10,1989-04-01
"1031",0.559826434450334,11,1989-04-01
"1032",0.656768308529676,12,1989-04-01
"1033",0.520528486830483,1,1989-07-01
"1034",0.919655161214252,2,1989-07-01
"1035",1.11346297795432,3,1989-07-01
"1036",1.04365371055255,4,1989-07-01
"1037",1.00160202989209,5,1989-07-01
"1038",1.09789679447928,6,1989-07-01
"1039",1.07771934508806,7,1989-07-01
"1040",1.02690702319298,8,1989-07-01
"1041",0.82608357368772,9,1989-07-01
"1042",0.608005427137509,10,1989-07-01
"1043",0.616481791680377,11,1989-07-01
"1044",0.670549012331747,12,1989-07-01
"1045",0.520528486830483,1,1989-10-01
"1046",0.919655161214252,2,1989-10-01
"1047",1.11346297795432,3,1989-10-01
"1048",1.04365371055255,4,1989-10-01
"1049",1.00160202989209,5,1989-10-01
"1050",1.09789679447928,6,1989-10-01
"1051",1.07771934508806,7,1989-10-01
"1052",1.02690702319298,8,1989-10-01
"1053",0.82608357368772,9,1989-10-01
"1054",0.608005427137509,10,1989-10-01
"1055",0.616481791680377,11,1989-10-01
"1056",0.670549012331747,12,1989-10-01
"1057",0.520528486830483,1,1990-01-01
"1058",0.919655161214252,2,1990-01-01
"1059",1.11346297795432,3,1990-01-01
"1060",1.04365371055255,4,1990-01-01
"1061",1.00160202989209,5,1990-01-01
"1062",1.09789679447928,6,1990-01-01
"1063",1.07771934508806,7,1990-01-01
"1064",1.02690702319298,8,1990-01-01
"1065",0.82608357368772,9,1990-01-01
"1066",0.608005427137509,10,1990-01-01
"1067",0.616481791680377,11,1990-01-01
"1068",0.670549012331747,12,1990-01-01
"1069",0.729316635441103,1,1990-04-01
"1070",1.1493831040328,2,1990-04-01
"1071",1.40105151502956,3,1990-04-01
"1072",1.38183008503947,4,1990-04-01
"1073",1.45903846289285,5,1990-04-01
"1074",1.68481187512366,6,1990-04-01
"1075",1.61920640978459,7,1990-04-01
"1076",1.50471258453172,8,1990-04-01
"1077",1.20194095975862,9,1990-04-01
"1078",0.844740976421521,10,1990-04-01
"1079",0.761267704601597,11,1990-04-01
"1080",0.705766366492595,12,1990-04-01
"1081",0.811016345766998,1,1990-07-01
"1082",1.23927664687485,2,1990-07-01
"1083",1.51358615997204,3,1990-07-01
"1084",1.51415997070827,4,1990-07-01
"1085",1.63803532798011,5,1990-07-01
"1086",1.9144742979845,6,1990-07-01
"1087",1.83109265249193,7,1990-07-01
"1088",1.69167997809905,8,1990-07-01
"1089",1.34901558909071,9,1990-07-01
"1090",0.937376626141352,10,1990-07-01
"1091",0.81792306183164,11,1990-07-01
"1092",0.719547070294666,12,1990-07-01
"1093",0.811016345766998,1,1990-10-01
"1094",1.23927664687485,2,1990-10-01
"1095",1.51358615997204,3,1990-10-01
"1096",1.51415997070827,4,1990-10-01
"1097",1.63803532798011,5,1990-10-01
"1098",1.9144742979845,6,1990-10-01
"1099",1.83109265249193,7,1990-10-01
"1100",1.69167997809905,8,1990-10-01
"1101",1.34901558909071,9,1990-10-01
"1102",0.937376626141352,10,1990-10-01
"1103",0.81792306183164,11,1990-10-01
"1104",0.719547070294666,12,1990-10-01
"1105",0.811016345766998,1,1991-01-01
"1106",1.23927664687485,2,1991-01-01
"1107",1.51358615997204,3,1991-01-01
"1108",1.51415997070827,4,1991-01-01
"1109",1.63803532798011,5,1991-01-01
"1110",1.9144742979845,6,1991-01-01
"1111",1.83109265249193,7,1991-01-01
"1112",1.69167997809905,8,1991-01-01
"1113",1.34901558909071,9,1991-01-01
"1114",0.937376626141352,10,1991-01-01
"1115",0.81792306183164,11,1991-01-01
"1116",0.719547070294666,12,1991-01-01
"1117",0.883638310501127,1,1991-04-01
"1118",1.31918201829,2,1991-04-01
"1119",1.61361695547647,3,1991-04-01
"1120",1.63178653574719,4,1991-04-01
"1121",1.79714365250211,5,1991-04-01
"1122",2.1186186738608,6,1991-04-01
"1123",2.0194359793429,7,1991-04-01
"1124",1.85787321682556,8,1991-04-01
"1125",1.47974859294146,9,1991-04-01
"1126",1.01971942589231,10,1991-04-01
"1127",0.868283379369456,11,1991-04-01
"1128",0.731796584785396,12,1991-04-01
"1129",0.883638310501127,1,1991-07-01
"1130",1.31918201829,2,1991-07-01
"1131",1.61361695547647,3,1991-07-01
"1132",1.63178653574719,4,1991-07-01
"1133",1.79714365250211,5,1991-07-01
"1134",2.1186186738608,6,1991-07-01
"1135",2.0194359793429,7,1991-07-01
"1136",1.85787321682556,8,1991-07-01
"1137",1.47974859294146,9,1991-07-01
"1138",1.01971942589231,10,1991-07-01
"1139",0.868283379369456,11,1991-07-01
"1140",0.731796584785396,12,1991-07-01
"1141",0.883638310501127,1,1991-10-01
"1142",1.31918201829,2,1991-10-01
"1143",1.61361695547647,3,1991-10-01
"1144",1.63178653574719,4,1991-10-01
"1145",1.79714365250211,5,1991-10-01
"1146",2.1186186738608,6,1991-10-01
"1147",2.0194359793429,7,1991-10-01
"1148",1.85787321682556,8,1991-10-01
"1149",1.47974859294146,9,1991-10-01
"1150",1.01971942589231,10,1991-10-01
"1151",0.868283379369456,11,1991-10-01
"1152",0.731796584785396,12,1991-10-01
"1153",0.820094091358764,1,1992-01-01
"1154",1.24926481830174,2,1992-01-01
"1155",1.52609000941009,3,1992-01-01
"1156",1.52886329133813,4,1992-01-01
"1157",1.65792386854536,5,1992-01-01
"1158",1.93999234496904,6,1992-01-01
"1159",1.8546355683483,7,1992-01-01
"1160",1.71245413293986,8,1992-01-01
"1161",1.36535721457205,9,1992-01-01
"1162",0.947669476110222,10,1992-01-01
"1163",0.824218101523867,11,1992-01-01
"1164",0.721078259606007,12,1992-01-01
"1165",0.7837831089917,1,1992-04-01
"1166",1.20931213259417,2,1992-04-01
"1167",1.47607461165788,3,1992-04-01
"1168",1.47005000881867,4,1992-04-01
"1169",1.57836970628436,5,1992-04-01
"1170",1.83792015703089,6,1992-04-01
"1171",1.76046390492282,7,1992-04-01
"1172",1.6293575135766,8,1992-04-01
"1173",1.29999071264668,9,1992-04-01
"1174",0.906498076234741,10,1992-04-01
"1175",0.799037942754959,11,1992-04-01
"1176",0.714953502360642,12,1992-04-01
"1177",0.711161144257571,1,1992-07-01
"1178",1.12940676117902,2,1992-07-01
"1179",1.37604381615345,3,1992-07-01
"1180",1.35242344377974,4,1992-07-01
"1181",1.41926138176235,5,1992-07-01
"1182",1.63377578115458,6,1992-07-01
"1183",1.57212057807185,7,1992-07-01
"1184",1.46316427485009,8,1992-07-01
"1185",1.16925770879593,9,1992-07-01
"1186",0.824155276483781,10,1992-07-01
"1187",0.748677625217143,11,1992-07-01
"1188",0.702703987869912,12,1992-07-01
"1189",0.711161144257571,1,1992-10-01
"1190",1.12940676117902,2,1992-10-01
"1191",1.37604381615345,3,1992-10-01
"1192",1.35242344377974,4,1992-10-01
"1193",1.41926138176235,5,1992-10-01
"1194",1.63377578115458,6,1992-10-01
"1195",1.57212057807185,7,1992-10-01
"1196",1.46316427485009,8,1992-10-01
"1197",1.16925770879593,9,1992-10-01
"1198",0.824155276483781,10,1992-10-01
"1199",0.748677625217143,11,1992-10-01
"1200",0.702703987869912,12,1992-10-01
"1201",0.711161144257571,1,1993-01-01
"1202",1.12940676117902,2,1993-01-01
"1203",1.37604381615345,3,1993-01-01
"1204",1.35242344377974,4,1993-01-01
"1205",1.41926138176235,5,1993-01-01
"1206",1.63377578115458,6,1993-01-01
"1207",1.57212057807185,7,1993-01-01
"1208",1.46316427485009,8,1993-01-01
"1209",1.16925770879593,9,1993-01-01
"1210",0.824155276483781,10,1993-01-01
"1211",0.748677625217143,11,1993-01-01
"1212",0.702703987869912,12,1993-01-01
"1213",0.638539179523442,1,1993-04-01
"1214",1.04950138976387,2,1993-04-01
"1215",1.27601302064902,3,1993-04-01
"1216",1.23479687874081,4,1993-04-01
"1217",1.26015305724035,5,1993-04-01
"1218",1.42963140527828,6,1993-04-01
"1219",1.38377725122088,7,1993-04-01
"1220",1.29697103612357,8,1993-04-01
"1221",1.03852470494518,9,1993-04-01
"1222",0.74181247673282,10,1993-04-01
"1223",0.698317307679327,11,1993-04-01
"1224",0.690454473379183,12,1993-04-01
"1225",0.665772416298741,1,1993-07-01
"1226",1.07946590404455,2,1993-07-01
"1227",1.31352456896318,3,1993-07-01
"1228",1.27890684063041,4,1993-07-01
"1229",1.3198186789361,5,1993-07-01
"1230",1.50618554623189,6,1993-07-01
"1231",1.45440599879,7,1993-07-01
"1232",1.35929350064602,8,1993-07-01
"1233",1.08754958138922,9,1993-07-01
"1234",0.77269102663943,10,1993-07-01
"1235",0.717202426756008,11,1993-07-01
"1236",0.695048041313206,12,1993-07-01
"1237",0.674850161890507,1,1993-10-01
"1238",1.08945407547144,2,1993-10-01
"1239",1.32602841840123,3,1993-10-01
"1240",1.29361016126028,4,1993-10-01
"1241",1.33970721950135,5,1993-10-01
"1242",1.53170359321643,6,1993-10-01
"1243",1.47794891464637,7,1993-10-01
"1244",1.38006765548683,8,1993-10-01
"1245",1.10389120687056,9,1993-10-01
"1246",0.7829838766083,10,1993-10-01
"1247",0.723497466448235,11,1993-10-01
"1248",0.696579230624548,12,1993-10-01
"1249",0.674850161890507,1,1994-01-01
"1250",1.08945407547144,2,1994-01-01
"1251",1.32602841840123,3,1994-01-01
"1252",1.29361016126028,4,1994-01-01
"1253",1.33970721950135,5,1994-01-01
"1254",1.53170359321643,6,1994-01-01
"1255",1.47794891464637,7,1994-01-01
"1256",1.38006765548683,8,1994-01-01
"1257",1.10389120687056,9,1994-01-01
"1258",0.7829838766083,10,1994-01-01
"1259",0.723497466448235,11,1994-01-01
"1260",0.696579230624548,12,1994-01-01
"1261",0.883638310501127,1,1994-04-01
"1262",1.31918201829,2,1994-04-01
"1263",1.61361695547647,3,1994-04-01
"1264",1.63178653574719,4,1994-04-01
"1265",1.79714365250211,5,1994-04-01
"1266",2.1186186738608,6,1994-04-01
"1267",2.0194359793429,7,1994-04-01
"1268",1.85787321682556,8,1994-04-01
"1269",1.47974859294146,9,1994-04-01
"1270",1.01971942589231,10,1994-04-01
"1271",0.868283379369456,11,1994-04-01
"1272",0.731796584785396,12,1994-04-01
"1273",0.856405073725829,1,1994-07-01
"1274",1.28921750400932,2,1994-07-01
"1275",1.57610540716231,3,1994-07-01
"1276",1.5876765738576,4,1994-07-01
"1277",1.73747803080636,5,1994-07-01
"1278",2.04206453290719,6,1994-07-01
"1279",1.94880723177378,7,1994-07-01
"1280",1.79555075230312,8,1994-07-01
"1281",1.43072371649743,9,1994-07-01
"1282",0.988840875985702,10,1994-07-01
"1283",0.849398260292775,11,1994-07-01
"1284",0.727203016851372,12,1994-07-01
"1285",0.892716056092893,1,1994-10-01
"1286",1.32917018971689,2,1994-10-01
"1287",1.62612080491452,3,1994-10-01
"1288",1.64648985637706,4,1994-10-01
"1289",1.81703219306736,5,1994-10-01
"1290",2.14413672084534,6,1994-10-01
"1291",2.04297889519927,7,1994-10-01
"1292",1.87864737166638,8,1994-10-01
"1293",1.4960902184228,9,1994-10-01
"1294",1.03001227586118,10,1994-10-01
"1295",0.874578419061683,11,1994-10-01
"1296",0.733327774096737,12,1994-10-01
"1297",0.892716056092893,1,1995-01-01
"1298",1.32917018971689,2,1995-01-01
"1299",1.62612080491452,3,1995-01-01
"1300",1.64648985637706,4,1995-01-01
"1301",1.81703219306736,5,1995-01-01
"1302",2.14413672084534,6,1995-01-01
"1303",2.04297889519927,7,1995-01-01
"1304",1.87864737166638,8,1995-01-01
"1305",1.4960902184228,9,1995-01-01
"1306",1.03001227586118,10,1995-01-01
"1307",0.874578419061683,11,1995-01-01
"1308",0.733327774096737,12,1995-01-01
"1309",0.683927907482273,1,1995-04-01
"1310",1.09944224689834,2,1995-04-01
"1311",1.33853226783929,3,1995-04-01
"1312",1.30831348189014,4,1995-04-01
"1313",1.3595957600666,5,1995-04-01
"1314",1.55722164020097,6,1995-04-01
"1315",1.50149183050274,7,1995-04-01
"1316",1.40084181032764,8,1995-04-01
"1317",1.1202328323519,9,1995-04-01
"1318",0.793276726577171,10,1995-04-01
"1319",0.729792506140462,11,1995-04-01
"1320",0.698110419935889,12,1995-04-01
"1321",0.683927907482273,1,1995-07-01
"1322",1.09944224689834,2,1995-07-01
"1323",1.33853226783929,3,1995-07-01
"1324",1.30831348189014,4,1995-07-01
"1325",1.3595957600666,5,1995-07-01
"1326",1.55722164020097,6,1995-07-01
"1327",1.50149183050274,7,1995-07-01
"1328",1.40084181032764,8,1995-07-01
"1329",1.1202328323519,9,1995-07-01
"1330",0.793276726577171,10,1995-07-01
"1331",0.729792506140462,11,1995-07-01
"1332",0.698110419935889,12,1995-07-01
"1333",0.683927907482273,1,1995-10-01
"1334",1.09944224689834,2,1995-10-01
"1335",1.33853226783929,3,1995-10-01
"1336",1.30831348189014,4,1995-10-01
"1337",1.3595957600666,5,1995-10-01
"1338",1.55722164020097,6,1995-10-01
"1339",1.50149183050274,7,1995-10-01
"1340",1.40084181032764,8,1995-10-01
"1341",1.1202328323519,9,1995-10-01
"1342",0.793276726577171,10,1995-10-01
"1343",0.729792506140462,11,1995-10-01
"1344",0.698110419935889,12,1995-10-01
"1345",0.874560564909361,1,1996-01-01
"1346",1.3091938468631,2,1996-01-01
"1347",1.60111310603842,3,1996-01-01
"1348",1.61708321511733,4,1996-01-01
"1349",1.77725511193686,5,1996-01-01
"1350",2.09310062687627,6,1996-01-01
"1351",1.99589306348653,7,1996-01-01
"1352",1.83709906198475,8,1996-01-01
"1353",1.46340696746012,9,1996-01-01
"1354",1.00942657592344,10,1996-01-01
"1355",0.861988339677229,11,1996-01-01
"1356",0.730265395474055,12,1996-01-01
"1357",0.792860854583466,1,1996-04-01
"1358",1.21930030402106,2,1996-04-01
"1359",1.48857846109593,3,1996-04-01
"1360",1.48475332944853,4,1996-04-01
"1361",1.59825824684961,5,1996-04-01
"1362",1.86343820401542,6,1996-04-01
"1363",1.78400682077919,7,1996-04-01
"1364",1.65013166841742,8,1996-04-01
"1365",1.31633233812802,9,1996-04-01
"1366",0.916790926203611,10,1996-04-01
"1367",0.805332982447186,11,1996-04-01
"1368",0.716484691671983,12,1996-04-01
"1369",0.747472126624636,1,1996-07-01
"1370",1.16935944688659,2,1996-07-01
"1371",1.42605921390566,3,1996-07-01
"1372",1.4112367262992,4,1996-07-01
"1373",1.49881554402335,5,1996-07-01
"1374",1.73584796909273,6,1996-07-01
"1375",1.66629224149733,7,1996-07-01
"1376",1.54626089421335,8,1996-07-01
"1377",1.23462421072131,9,1996-07-01
"1378",0.865326676359261,10,1996-07-01
"1379",0.773857783986051,11,1996-07-01
"1380",0.708828745115277,12,1996-07-01
"1381",0.747472126624636,1,1996-10-01
"1382",1.16935944688659,2,1996-10-01
"1383",1.42605921390566,3,1996-10-01
"1384",1.4112367262992,4,1996-10-01
"1385",1.49881554402335,5,1996-10-01
"1386",1.73584796909273,6,1996-10-01
"1387",1.66629224149733,7,1996-10-01
"1388",1.54626089421335,8,1996-10-01
"1389",1.23462421072131,9,1996-10-01
"1390",0.865326676359261,10,1996-10-01
"1391",0.773857783986051,11,1996-10-01
"1392",0.708828745115277,12,1996-10-01
"1393",0.747472126624636,1,1997-01-01
"1394",1.16935944688659,2,1997-01-01
"1395",1.42605921390566,3,1997-01-01
"1396",1.4112367262992,4,1997-01-01
"1397",1.49881554402335,5,1997-01-01
"1398",1.73584796909273,6,1997-01-01
"1399",1.66629224149733,7,1997-01-01
"1400",1.54626089421335,8,1997-01-01
"1401",1.23462421072131,9,1997-01-01
"1402",0.865326676359261,10,1997-01-01
"1403",0.773857783986051,11,1997-01-01
"1404",0.708828745115277,12,1997-01-01
"1405",1.10150420470351,1,1997-04-01
"1406",1.55889813253544,2,1997-04-01
"1407",1.91370934198976,3,1997-04-01
"1408",1.98466623086398,4,1997-04-01
"1409",2.27446862606812,5,1997-04-01
"1410",2.73105180148972,6,1997-04-01
"1411",2.5844659598958,7,1997-04-01
"1412",2.35645293300511,8,1997-04-01
"1413",1.8719476044937,9,1997-04-01
"1414",1.26674782514519,10,1997-04-01
"1415",1.0193643319829,11,1997-04-01
"1416",0.768545128257585,12,1997-04-01
"1417",1.01980449437762,1,1997-07-01
"1418",1.4690045896934,2,1997-07-01
"1419",1.80117469704728,3,1997-07-01
"1420",1.85233634519518,4,1997-07-01
"1421",2.09547176098087,5,1997-07-01
"1422",2.50138937862888,6,1997-07-01
"1423",2.37257971718846,7,1997-07-01
"1424",2.16948553943778,8,1997-07-01
"1425",1.72487297516161,9,1997-07-01
"1426",1.17411217542536,10,1997-07-01
"1427",0.96270897475286,11,1997-07-01
"1428",0.754764424455514,12,1997-07-01
"1429",1.01980449437762,1,1997-10-01
"1430",1.4690045896934,2,1997-10-01
"1431",1.80117469704728,3,1997-10-01
"1432",1.85233634519518,4,1997-10-01
"1433",2.09547176098087,5,1997-10-01
"1434",2.50138937862888,6,1997-10-01
"1435",2.37257971718846,7,1997-10-01
"1436",2.16948553943778,8,1997-10-01
"1437",1.72487297516161,9,1997-10-01
"1438",1.17411217542536,10,1997-10-01
"1439",0.96270897475286,11,1997-10-01
"1440",0.754764424455514,12,1997-10-01
"1441",0.938104784051724,1,1998-01-01
"1442",1.37911104685136,2,1998-01-01
"1443",1.68864005210479,3,1998-01-01
"1444",1.72000645952639,4,1998-01-01
"1445",1.91647489589361,5,1998-01-01
"1446",2.27172695576803,6,1998-01-01
"1447",2.16069347448112,7,1998-01-01
"1448",1.98251814587045,8,1998-01-01
"1449",1.57779834582952,9,1998-01-01
"1450",1.08147652570553,10,1998-01-01
"1451",0.906053617522818,11,1998-01-01
"1452",0.740983720653443,12,1998-01-01
"1453",0.829171836950531,1,1998-04-01
"1454",1.25925298972863,2,1998-04-01
"1455",1.53859385884815,3,1998-04-01
"1456",1.543566611968,4,1998-04-01
"1457",1.67781240911061,5,1998-04-01
"1458",1.96551039195358,6,1998-04-01
"1459",1.87817848420467,7,1998-04-01
"1460",1.73322828778068,8,1998-04-01
"1461",1.3816988400534,9,1998-04-01
"1462",0.957962326079092,10,1998-04-01
"1463",0.830513141216094,11,1998-04-01
"1464",0.722609448917348,12,1998-04-01
"1465",0.892716056092893,1,1998-07-01
"1466",1.32917018971689,2,1998-07-01
"1467",1.62612080491452,3,1998-07-01
"1468",1.64648985637706,4,1998-07-01
"1469",1.81703219306736,5,1998-07-01
"1470",2.14413672084534,6,1998-07-01
"1471",2.04297889519927,7,1998-07-01
"1472",1.87864737166638,8,1998-07-01
"1473",1.4960902184228,9,1998-07-01
"1474",1.03001227586118,10,1998-07-01
"1475",0.874578419061683,11,1998-07-01
"1476",0.733327774096737,12,1998-07-01
"1477",0.892716056092893,1,1998-10-01
"1478",1.32917018971689,2,1998-10-01
"1479",1.62612080491452,3,1998-10-01
"1480",1.64648985637706,4,1998-10-01
"1481",1.81703219306736,5,1998-10-01
"1482",2.14413672084534,6,1998-10-01
"1483",2.04297889519927,7,1998-10-01
"1484",1.87864737166638,8,1998-10-01
"1485",1.4960902184228,9,1998-10-01
"1486",1.03001227586118,10,1998-10-01
"1487",0.874578419061683,11,1998-10-01
"1488",0.733327774096737,12,1998-10-01
"1489",0.765627617808168,1,1999-01-01
"1490",1.18933578974038,2,1999-01-01
"1491",1.45106691278177,3,1999-01-01
"1492",1.44064336755894,4,1999-01-01
"1493",1.53859262515385,5,1999-01-01
"1494",1.78688406306181,6,1999-01-01
"1495",1.71337807321007,7,1999-01-01
"1496",1.58780920389498,8,1999-01-01
"1497",1.26730746168399,9,1999-01-01
"1498",0.885912376297001,10,1999-01-01
"1499",0.786447863370505,11,1999-01-01
"1500",0.71189112373796,12,1999-01-01
"1501",0.393440048545757,1,1999-04-01
"1502",0.779820761237741,2,1999-04-01
"1503",0.93840908582157,3,1999-04-01
"1504",0.837807221734431,4,1999-04-01
"1505",0.723162461978582,5,1999-04-01
"1506",0.740644136695746,6,1999-04-01
"1507",0.748118523098869,7,1999-04-01
"1508",0.736068855421581,8,1999-04-01
"1509",0.597300816948911,9,1999-04-01
"1510",0.463905527573328,10,1999-04-01
"1511",0.528351235989199,11,1999-04-01
"1512",0.649112361972969,12,1999-04-01
"1513",0.338973574995161,1,1999-07-01
"1514",0.71989173267638,2,1999-07-01
"1515",0.863385989193248,3,1999-07-01
"1516",0.749587297955235,4,1999-07-01
"1517",0.603831218587079,5,1999-07-01
"1518",0.587535854788518,6,1999-07-01
"1519",0.606861027960644,7,1999-07-01
"1520",0.611423926376694,8,1999-07-01
"1521",0.49925106406085,9,1999-07-01
"1522",0.402148427760108,10,1999-07-01
"1523",0.490580997835837,11,1999-07-01
"1524",0.639925226104922,12,1999-07-01
"1525",0.338973574995161,1,1999-10-01
"1526",0.71989173267638,2,1999-10-01
"1527",0.863385989193248,3,1999-10-01
"1528",0.749587297955235,4,1999-10-01
"1529",0.603831218587079,5,1999-10-01
"1530",0.587535854788518,6,1999-10-01
"1531",0.606861027960644,7,1999-10-01
"1532",0.611423926376694,8,1999-10-01
"1533",0.49925106406085,9,1999-10-01
"1534",0.402148427760108,10,1999-10-01
"1535",0.490580997835837,11,1999-10-01
"1536",0.639925226104922,12,1999-10-01
"1537",0.338973574995161,1,2000-01-01
"1538",0.71989173267638,2,2000-01-01
"1539",0.863385989193248,3,2000-01-01
"1540",0.749587297955235,4,2000-01-01
"1541",0.603831218587079,5,2000-01-01
"1542",0.587535854788518,6,2000-01-01
"1543",0.606861027960644,7,2000-01-01
"1544",0.611423926376694,8,2000-01-01
"1545",0.49925106406085,9,2000-01-01
"1546",0.402148427760108,10,2000-01-01
"1547",0.490580997835837,11,2000-01-01
"1548",0.639925226104922,12,2000-01-01
"1549",0.656694670706975,1,2000-04-01
"1550",1.06947773261766,2,2000-04-01
"1551",1.30102071952513,3,2000-04-01
"1552",1.26420352000054,4,2000-04-01
"1553",1.29993013837085,5,2000-04-01
"1554",1.48066749924735,6,2000-04-01
"1555",1.43086308293362,7,2000-04-01
"1556",1.3385193458052,8,2000-04-01
"1557",1.07120795590787,9,2000-04-01
"1558",0.76239817667056,10,2000-04-01
"1559",0.710907387063781,11,2000-04-01
"1560",0.693516852001865,12,2000-04-01
"1561",0.656694670706975,1,2000-07-01
"1562",1.06947773261766,2,2000-07-01
"1563",1.30102071952513,3,2000-07-01
"1564",1.26420352000054,4,2000-07-01
"1565",1.29993013837085,5,2000-07-01
"1566",1.48066749924735,6,2000-07-01
"1567",1.43086308293362,7,2000-07-01
"1568",1.3385193458052,8,2000-07-01
"1569",1.07120795590787,9,2000-07-01
"1570",0.76239817667056,10,2000-07-01
"1571",0.710907387063781,11,2000-07-01
"1572",0.693516852001865,12,2000-07-01
"1573",0.656694670706975,1,2000-10-01
"1574",1.06947773261766,2,2000-10-01
"1575",1.30102071952513,3,2000-10-01
"1576",1.26420352000054,4,2000-10-01
"1577",1.29993013837085,5,2000-10-01
"1578",1.48066749924735,6,2000-10-01
"1579",1.43086308293362,7,2000-10-01
"1580",1.3385193458052,8,2000-10-01
"1581",1.07120795590787,9,2000-10-01
"1582",0.76239817667056,10,2000-10-01
"1583",0.710907387063781,11,2000-10-01
"1584",0.693516852001865,12,2000-10-01
"1585",0.702083398665805,1,2001-01-01
"1586",1.11941858975212,2,2001-01-01
"1587",1.3635399667154,3,2001-01-01
"1588",1.33772012314987,4,2001-01-01
"1589",1.3993728411971,5,2001-01-01
"1590",1.60825773417004,6,2001-01-01
"1591",1.54857766221548,7,2001-01-01
"1592",1.44239012000927,8,2001-01-01
"1593",1.15291608331459,9,2001-01-01
"1594",0.813862426514911,10,2001-01-01
"1595",0.742382585524916,11,2001-01-01
"1596",0.701172798558571,12,2001-01-01
"1597",0.702083398665805,1,2001-04-01
"1598",1.11941858975212,2,2001-04-01
"1599",1.3635399667154,3,2001-04-01
"1600",1.33772012314987,4,2001-04-01
"1601",1.3993728411971,5,2001-04-01
"1602",1.60825773417004,6,2001-04-01
"1603",1.54857766221548,7,2001-04-01
"1604",1.44239012000927,8,2001-04-01
"1605",1.15291608331459,9,2001-04-01
"1606",0.813862426514911,10,2001-04-01
"1607",0.742382585524916,11,2001-04-01
"1608",0.701172798558571,12,2001-04-01
"1609",0.702083398665805,1,2001-07-01
"1610",1.11941858975212,2,2001-07-01
"1611",1.3635399667154,3,2001-07-01
"1612",1.33772012314987,4,2001-07-01
"1613",1.3993728411971,5,2001-07-01
"1614",1.60825773417004,6,2001-07-01
"1615",1.54857766221548,7,2001-07-01
"1616",1.44239012000927,8,2001-07-01
"1617",1.15291608331459,9,2001-07-01
"1618",0.813862426514911,10,2001-07-01
"1619",0.742382585524916,11,2001-07-01
"1620",0.701172798558571,12,2001-07-01
"1621",0.702083398665805,1,2001-10-01
"1622",1.11941858975212,2,2001-10-01
"1623",1.3635399667154,3,2001-10-01
"1624",1.33772012314987,4,2001-10-01
"1625",1.3993728411971,5,2001-10-01
"1626",1.60825773417004,6,2001-10-01
"1627",1.54857766221548,7,2001-10-01
"1628",1.44239012000927,8,2001-10-01
"1629",1.15291608331459,9,2001-10-01
"1630",0.813862426514911,10,2001-10-01
"1631",0.742382585524916,11,2001-10-01
"1632",0.701172798558571,12,2001-10-01
"1633",0.438828776504588,1,2002-01-01
"1634",0.829761618372209,2,2002-01-01
"1635",1.00092833301184,3,2002-01-01
"1636",0.911323824883761,4,2002-01-01
"1637",0.822605164804835,5,2002-01-01
"1638",0.868234371618437,6,2002-01-01
"1639",0.865833102380724,7,2002-01-01
"1640",0.839939629625653,8,2002-01-01
"1641",0.679008944355628,9,2002-01-01
"1642",0.515369777417679,10,2002-01-01
"1643",0.559826434450334,11,2002-01-01
"1644",0.656768308529676,12,2002-01-01
"1645",0.338973574995161,1,2002-04-01
"1646",0.71989173267638,2,2002-04-01
"1647",0.863385989193248,3,2002-04-01
"1648",0.749587297955235,4,2002-04-01
"1649",0.603831218587079,5,2002-04-01
"1650",0.587535854788518,6,2002-04-01
"1651",0.606861027960644,7,2002-04-01
"1652",0.611423926376694,8,2002-04-01
"1653",0.49925106406085,9,2002-04-01
"1654",0.402148427760108,10,2002-04-01
"1655",0.490580997835837,11,2002-04-01
"1656",0.639925226104922,12,2002-04-01
"1657",0.338973574995161,1,2002-07-01
"1658",0.71989173267638,2,2002-07-01
"1659",0.863385989193248,3,2002-07-01
"1660",0.749587297955235,4,2002-07-01
"1661",0.603831218587079,5,2002-07-01
"1662",0.587535854788518,6,2002-07-01
"1663",0.606861027960644,7,2002-07-01
"1664",0.611423926376694,8,2002-07-01
"1665",0.49925106406085,9,2002-07-01
"1666",0.402148427760108,10,2002-07-01
"1667",0.490580997835837,11,2002-07-01
"1668",0.639925226104922,12,2002-07-01
"1669",0.366206811770459,1,2002-10-01
"1670",0.74985624695706,2,2002-10-01
"1671",0.900897537507409,3,2002-10-01
"1672",0.793697259844833,4,2002-10-01
"1673",0.663496840282831,5,2002-10-01
"1674",0.664089995742132,6,2002-10-01
"1675",0.677489775529757,7,2002-10-01
"1676",0.673746390899137,8,2002-10-01
"1677",0.54827594050488,9,2002-10-01
"1678",0.433026977666718,10,2002-10-01
"1679",0.509466116912518,11,2002-10-01
"1680",0.644518794038946,12,2002-10-01
"1681",0.184651899935137,1,2003-01-01
"1682",0.550092818419188,2,2003-01-01
"1683",0.650820548746335,3,2003-01-01
"1684",0.499630847247514,4,2003-01-01
"1685",0.26572602897782,5,2003-01-01
"1686",0.15372905605137,6,2003-01-01
"1687",0.20663145840234,7,2003-01-01
"1688",0.258263294082847,8,2003-01-01
"1689",0.22144343087801,9,2003-01-01
"1690",0.227169978289316,10,2003-01-01
"1691",0.383565323067979,11,2003-01-01
"1692",0.613895007812121,12,2003-01-01
"1693",0.184651899935137,1,2003-04-01
"1694",0.550092818419188,2,2003-04-01
"1695",0.650820548746335,3,2003-04-01
"1696",0.499630847247514,4,2003-04-01
"1697",0.26572602897782,5,2003-04-01
"1698",0.15372905605137,6,2003-04-01
"1699",0.20663145840234,7,2003-04-01
"1700",0.258263294082847,8,2003-04-01
"1701",0.22144343087801,9,2003-04-01
"1702",0.227169978289316,10,2003-04-01
"1703",0.383565323067979,11,2003-04-01
"1704",0.613895007812121,12,2003-04-01
"1705",0.184651899935137,1,2003-07-01
"1706",0.550092818419188,2,2003-07-01
"1707",0.650820548746335,3,2003-07-01
"1708",0.499630847247514,4,2003-07-01
"1709",0.26572602897782,5,2003-07-01
"1710",0.15372905605137,6,2003-07-01
"1711",0.20663145840234,7,2003-07-01
"1712",0.258263294082847,8,2003-07-01
"1713",0.22144343087801,9,2003-07-01
"1714",0.227169978289316,10,2003-07-01
"1715",0.383565323067979,11,2003-07-01
"1716",0.613895007812121,12,2003-07-01
"1717",0.193729645526903,1,2003-10-01
"1718",0.560080989846082,2,2003-10-01
"1719",0.663324398184388,3,2003-10-01
"1720",0.51433416787738,4,2003-10-01
"1721",0.285614569543071,5,2003-10-01
"1722",0.179247103035908,6,2003-10-01
"1723",0.23017437425871,7,2003-10-01
"1724",0.279037448923662,8,2003-10-01
"1725",0.237785056359354,9,2003-10-01
"1726",0.237462828258187,10,2003-10-01
"1727",0.389860362760206,11,2003-10-01
"1728",0.615426197123462,12,2003-10-01
"1729",0.41159553972929,1,2004-01-01
"1730",0.799797104091528,2,2004-01-01
"1731",0.963416784697677,3,2004-01-01
"1732",0.867213862994163,4,2004-01-01
"1733",0.762939543109083,5,2004-01-01
"1734",0.791680230664823,6,2004-01-01
"1735",0.795204354811611,7,2004-01-01
"1736",0.77761716510321,8,2004-01-01
"1737",0.629984067911598,9,2004-01-01
"1738",0.484491227511068,10,2004-01-01
"1739",0.540941315373653,11,2004-01-01
"1740",0.652174740595652,12,2004-01-01
"1741",0.41159553972929,1,2004-04-01
"1742",0.799797104091528,2,2004-04-01
"1743",0.963416784697677,3,2004-04-01
"1744",0.867213862994163,4,2004-04-01
"1745",0.762939543109083,5,2004-04-01
"1746",0.791680230664823,6,2004-04-01
"1747",0.795204354811611,7,2004-04-01
"1748",0.77761716510321,8,2004-04-01
"1749",0.629984067911598,9,2004-04-01
"1750",0.484491227511068,10,2004-04-01
"1751",0.540941315373653,11,2004-04-01
"1752",0.652174740595652,12,2004-04-01
"1753",0.41159553972929,1,2004-07-01
"1754",0.799797104091528,2,2004-07-01
"1755",0.963416784697677,3,2004-07-01
"1756",0.867213862994163,4,2004-07-01
"1757",0.762939543109083,5,2004-07-01
"1758",0.791680230664823,6,2004-07-01
"1759",0.795204354811611,7,2004-07-01
"1760",0.77761716510321,8,2004-07-01
"1761",0.629984067911598,9,2004-07-01
"1762",0.484491227511068,10,2004-07-01
"1763",0.540941315373653,11,2004-07-01
"1764",0.652174740595652,12,2004-07-01
"1765",0.41159553972929,1,2004-10-01
"1766",0.799797104091528,2,2004-10-01
"1767",0.963416784697677,3,2004-10-01
"1768",0.867213862994163,4,2004-10-01
"1769",0.762939543109083,5,2004-10-01
"1770",0.791680230664823,6,2004-10-01
"1771",0.795204354811611,7,2004-10-01
"1772",0.77761716510321,8,2004-10-01
"1773",0.629984067911598,9,2004-10-01
"1774",0.484491227511068,10,2004-10-01
"1775",0.540941315373653,11,2004-10-01
"1776",0.652174740595652,12,2004-10-01
"1777",0.402517794137524,1,2005-01-01
"1778",0.789808932664635,2,2005-01-01
"1779",0.950912935259624,3,2005-01-01
"1780",0.852510542364297,4,2005-01-01
"1781",0.743051002543833,5,2005-01-01
"1782",0.766162183680284,6,2005-01-01
"1783",0.77166143895524,7,2005-01-01
"1784",0.756843010262395,8,2005-01-01
"1785",0.613642442430254,9,2005-01-01
"1786",0.474198377542198,10,2005-01-01
"1787",0.534646275681426,11,2005-01-01
"1788",0.650643551284311,12,2005-01-01
"1789",0.402517794137524,1,2005-04-01
"1790",0.789808932664635,2,2005-04-01
"1791",0.950912935259624,3,2005-04-01
"1792",0.852510542364297,4,2005-04-01
"1793",0.743051002543833,5,2005-04-01
"1794",0.766162183680284,6,2005-04-01
"1795",0.77166143895524,7,2005-04-01
"1796",0.756843010262395,8,2005-04-01
"1797",0.613642442430254,9,2005-04-01
"1798",0.474198377542198,10,2005-04-01
"1799",0.534646275681426,11,2005-04-01
"1800",0.650643551284311,12,2005-04-01
"1801",0.565917214789313,1,2005-07-01
"1802",0.96959601834872,2,2005-07-01
"1803",1.17598222514459,3,2005-07-01
"1804",1.11717031370188,4,2005-07-01
"1805",1.10104473271834,5,2005-07-01
"1806",1.22548702940197,6,2005-07-01
"1807",1.19543392436992,7,2005-07-01
"1808",1.13077779739706,8,2005-07-01
"1809",0.907791701094437,9,2005-07-01
"1810",0.65946967698186,10,2005-07-01
"1811",0.647956990141512,11,2005-07-01
"1812",0.678204958888453,12,2005-07-01
"1813",0.656694670706975,1,2005-10-01
"1814",1.06947773261766,2,2005-10-01
"1815",1.30102071952513,3,2005-10-01
"1816",1.26420352000054,4,2005-10-01
"1817",1.29993013837085,5,2005-10-01
"1818",1.48066749924735,6,2005-10-01
"1819",1.43086308293362,7,2005-10-01
"1820",1.3385193458052,8,2005-10-01
"1821",1.07120795590787,9,2005-10-01
"1822",0.76239817667056,10,2005-10-01
"1823",0.710907387063781,11,2005-10-01
"1824",0.693516852001865,12,2005-10-01
"1825",0.693005653074039,1,2006-01-01
"1826",1.10943041832523,2,2006-01-01
"1827",1.35103611727734,3,2006-01-01
"1828",1.32301680252001,4,2006-01-01
"1829",1.37948430063185,5,2006-01-01
"1830",1.5827396871855,6,2006-01-01
"1831",1.52503474635911,7,2006-01-01
"1832",1.42161596516846,8,2006-01-01
"1833",1.13657445783325,9,2006-01-01
"1834",0.803569576546041,10,2006-01-01
"1835",0.736087545832689,11,2006-01-01
"1836",0.69964160924723,12,2006-01-01
"1837",0.529606232422249,1,2006-04-01
"1838",0.929643332641146,2,2006-04-01
"1839",1.12596682739238,3,2006-04-01
"1840",1.05835703118242,4,2006-04-01
"1841",1.02149057045734,5,2006-04-01
"1842",1.12341484146382,6,2006-04-01
"1843",1.10126226094443,7,2006-04-01
"1844",1.0476811780338,8,2006-04-01
"1845",0.842425199169063,9,2006-04-01
"1846",0.618298277106379,10,2006-04-01
"1847",0.622776831372604,11,2006-04-01
"1848",0.672080201643088,12,2006-04-01
"1849",0.611305942748144,1,2006-07-01
"1850",1.01953687548319,2,2006-07-01
"1851",1.23850147233486,3,2006-07-01
"1852",1.19068691685121,4,2006-07-01
"1853",1.2004874355446,5,2006-07-01
"1854",1.35307726432466,6,2006-07-01
"1855",1.31314850365177,7,2006-07-01
"1856",1.23464857160113,8,2006-07-01
"1857",0.989499828501154,9,2006-07-01
"1858",0.71093392682621,10,2006-07-01
"1859",0.679432188602646,11,2006-07-01
"1860",0.685860905445159,12,2006-07-01
"1861",0.565917214789313,1,2006-10-01
"1862",0.96959601834872,2,2006-10-01
"1863",1.17598222514459,3,2006-10-01
"1864",1.11717031370188,4,2006-10-01
"1865",1.10104473271834,5,2006-10-01
"1866",1.22548702940197,6,2006-10-01
"1867",1.19543392436992,7,2006-10-01
"1868",1.13077779739706,8,2006-10-01
"1869",0.907791701094437,9,2006-10-01
"1870",0.65946967698186,10,2006-10-01
"1871",0.647956990141512,11,2006-10-01
"1872",0.678204958888453,12,2006-10-01
"1873",0.683927907482273,1,2007-01-01
"1874",1.09944224689834,2,2007-01-01
"1875",1.33853226783929,3,2007-01-01
"1876",1.30831348189014,4,2007-01-01
"1877",1.3595957600666,5,2007-01-01
"1878",1.55722164020097,6,2007-01-01
"1879",1.50149183050274,7,2007-01-01
"1880",1.40084181032764,8,2007-01-01
"1881",1.1202328323519,9,2007-01-01
"1882",0.793276726577171,10,2007-01-01
"1883",0.729792506140462,11,2007-01-01
"1884",0.698110419935889,12,2007-01-01
"1885",0.792860854583466,1,2007-04-01
"1886",1.21930030402106,2,2007-04-01
"1887",1.48857846109593,3,2007-04-01
"1888",1.48475332944853,4,2007-04-01
"1889",1.59825824684961,5,2007-04-01
"1890",1.86343820401542,6,2007-04-01
"1891",1.78400682077919,7,2007-04-01
"1892",1.65013166841742,8,2007-04-01
"1893",1.31633233812802,9,2007-04-01
"1894",0.916790926203611,10,2007-04-01
"1895",0.805332982447186,11,2007-04-01
"1896",0.716484691671983,12,2007-04-01
"1897",0.792860854583466,1,2007-07-01
"1898",1.21930030402106,2,2007-07-01
"1899",1.48857846109593,3,2007-07-01
"1900",1.48475332944853,4,2007-07-01
"1901",1.59825824684961,5,2007-07-01
"1902",1.86343820401542,6,2007-07-01
"1903",1.78400682077919,7,2007-07-01
"1904",1.65013166841742,8,2007-07-01
"1905",1.31633233812802,9,2007-07-01
"1906",0.916790926203611,10,2007-07-01
"1907",0.805332982447186,11,2007-07-01
"1908",0.716484691671983,12,2007-07-01
"1909",0.792860854583466,1,2007-10-01
"1910",1.21930030402106,2,2007-10-01
"1911",1.48857846109593,3,2007-10-01
"1912",1.48475332944853,4,2007-10-01
"1913",1.59825824684961,5,2007-10-01
"1914",1.86343820401542,6,2007-10-01
"1915",1.78400682077919,7,2007-10-01
"1916",1.65013166841742,8,2007-10-01
"1917",1.31633233812802,9,2007-10-01
"1918",0.916790926203611,10,2007-10-01
"1919",0.805332982447186,11,2007-10-01
"1920",0.716484691671983,12,2007-10-01
"1921",0.929027038459958,1,2008-01-01
"1922",1.36912287542446,2,2008-01-01
"1923",1.67613620266674,3,2008-01-01
"1924",1.70530313889652,4,2008-01-01
"1925",1.89658635532836,5,2008-01-01
"1926",2.24620890878349,6,2008-01-01
"1927",2.13715055862475,7,2008-01-01
"1928",1.96174399102964,8,2008-01-01
"1929",1.56145672034818,9,2008-01-01
"1930",1.07118367573666,10,2008-01-01
"1931",0.899758577830591,11,2008-01-01
"1932",0.739452531342102,12,2008-01-01
"1933",0.929027038459958,1,2008-04-01
"1934",1.36912287542446,2,2008-04-01
"1935",1.67613620266674,3,2008-04-01
"1936",1.70530313889652,4,2008-04-01
"1937",1.89658635532836,5,2008-04-01
"1938",2.24620890878349,6,2008-04-01
"1939",2.13715055862475,7,2008-04-01
"1940",1.96174399102964,8,2008-04-01
"1941",1.56145672034818,9,2008-04-01
"1942",1.07118367573666,10,2008-04-01
"1943",0.899758577830591,11,2008-04-01
"1944",0.739452531342102,12,2008-04-01
"1945",0.929027038459958,1,2008-07-01
"1946",1.36912287542446,2,2008-07-01
"1947",1.67613620266674,3,2008-07-01
"1948",1.70530313889652,4,2008-07-01
"1949",1.89658635532836,5,2008-07-01
"1950",2.24620890878349,6,2008-07-01
"1951",2.13715055862475,7,2008-07-01
"1952",1.96174399102964,8,2008-07-01
"1953",1.56145672034818,9,2008-07-01
"1954",1.07118367573666,10,2008-07-01
"1955",0.899758577830591,11,2008-07-01
"1956",0.739452531342102,12,2008-07-01
"1957",1.01980449437762,1,2008-10-01
"1958",1.4690045896934,2,2008-10-01
"1959",1.80117469704728,3,2008-10-01
"1960",1.85233634519518,4,2008-10-01
"1961",2.09547176098087,5,2008-10-01
"1962",2.50138937862888,6,2008-10-01
"1963",2.37257971718846,7,2008-10-01
"1964",2.16948553943778,8,2008-10-01
"1965",1.72487297516161,9,2008-10-01
"1966",1.17411217542536,10,2008-10-01
"1967",0.96270897475286,11,2008-10-01
"1968",0.754764424455514,12,2008-10-01
"1969",0.0666412072421775,1,2009-01-01
"1970",0.420246589869571,2,2009-01-01
"1971",0.488270506051637,3,2009-01-01
"1972",0.308487679059256,4,2009-01-01
"1973",0.00717500162956286,5,2009-01-01
"1974",-0.178005554747626,6,2009-01-01
"1975",-0.0994264477304816,7,2009-01-01
"1976",-0.0118007188477414,8,2009-01-01
"1977",0.009002299620545,9,2009-01-01
"1978",0.0933629286940055,10,2009-01-01
"1979",0.301729807069028,11,2009-01-01
"1980",0.593989546764685,12,2009-01-01
"1981",0.112029935201008,1,2009-04-01
"1982",0.470187447004039,2,2009-04-01
"1983",0.550789753241905,3,2009-04-01
"1984",0.382004282208586,4,2009-04-01
"1985",0.106617704455816,5,2009-04-01
"1986",-0.0504153198249353,6,2009-04-01
"1987",0.0182881315513728,7,2009-04-01
"1988",0.0920700553563312,8,2009-04-01
"1989",0.0907104270272624,9,2009-04-01
"1990",0.144827178538356,10,2009-04-01
"1991",0.333205005530163,11,2009-04-01
"1992",0.601645493321391,12,2009-04-01
"1993",0.112029935201008,1,2009-07-01
"1994",0.470187447004039,2,2009-07-01
"1995",0.550789753241905,3,2009-07-01
"1996",0.382004282208586,4,2009-07-01
"1997",0.106617704455816,5,2009-07-01
"1998",-0.0504153198249353,6,2009-07-01
"1999",0.0182881315513728,7,2009-07-01
"2000",0.0920700553563312,8,2009-07-01
"2001",0.0907104270272624,9,2009-07-01
"2002",0.144827178538356,10,2009-07-01
"2003",0.333205005530163,11,2009-07-01
"2004",0.601645493321391,12,2009-07-01
"2005",0.112029935201008,1,2009-10-01
"2006",0.470187447004039,2,2009-10-01
"2007",0.550789753241905,3,2009-10-01
"2008",0.382004282208586,4,2009-10-01
"2009",0.106617704455816,5,2009-10-01
"2010",-0.0504153198249353,6,2009-10-01
"2011",0.0182881315513728,7,2009-10-01
"2012",0.0920700553563312,8,2009-10-01
"2013",0.0907104270272624,9,2009-10-01
"2014",0.144827178538356,10,2009-10-01
"2015",0.333205005530163,11,2009-10-01
"2016",0.601645493321391,12,2009-10-01
"2017",0.202807391118669,1,2010-01-01
"2018",0.570069161272975,2,2010-01-01
"2019",0.675828247622442,3,2010-01-01
"2020",0.529037488507246,4,2010-01-01
"2021",0.305503110108321,5,2010-01-01
"2022",0.204765150020446,6,2010-01-01
"2023",0.253717290115081,7,2010-01-01
"2024",0.299811603764476,8,2010-01-01
"2025",0.254126681840697,9,2010-01-01
"2026",0.247755678227057,10,2010-01-01
"2027",0.396155402452433,11,2010-01-01
"2028",0.616957386434804,12,2010-01-01
"2029",0.202807391118669,1,2010-04-01
"2030",0.570069161272975,2,2010-04-01
"2031",0.675828247622442,3,2010-04-01
"2032",0.529037488507246,4,2010-04-01
"2033",0.305503110108321,5,2010-04-01
"2034",0.204765150020446,6,2010-04-01
"2035",0.253717290115081,7,2010-04-01
"2036",0.299811603764476,8,2010-04-01
"2037",0.254126681840697,9,2010-04-01
"2038",0.247755678227057,10,2010-04-01
"2039",0.396155402452433,11,2010-04-01
"2040",0.616957386434804,12,2010-04-01
"2041",0.202807391118669,1,2010-07-01
"2042",0.570069161272975,2,2010-07-01
"2043",0.675828247622442,3,2010-07-01
"2044",0.529037488507246,4,2010-07-01
"2045",0.305503110108321,5,2010-07-01
"2046",0.204765150020446,6,2010-07-01
"2047",0.253717290115081,7,2010-07-01
"2048",0.299811603764476,8,2010-07-01
"2049",0.254126681840697,9,2010-07-01
"2050",0.247755678227057,10,2010-07-01
"2051",0.396155402452433,11,2010-07-01
"2052",0.616957386434804,12,2010-07-01
"2053",0.220962882302201,1,2010-10-01
"2054",0.590045504126763,2,2010-10-01
"2055",0.70083594649855,3,2010-10-01
"2056",0.558444129766978,4,2010-10-01
"2057",0.345280191238822,5,2010-10-01
"2058",0.255801243989522,6,2010-10-01
"2059",0.300803121827823,7,2010-10-01
"2060",0.341359913446105,8,2010-10-01
"2061",0.286809932803384,9,2010-10-01
"2062",0.268341378164797,10,2010-10-01
"2063",0.408745481836887,11,2010-10-01
"2064",0.620019765057486,12,2010-10-01
"2065",0.266351610261032,1,2011-01-01
"2066",0.639986361261231,2,2011-01-01
"2067",0.763355193688818,3,2011-01-01
"2068",0.631960732916307,4,2011-01-01
"2069",0.444722894065075,5,2011-01-01
"2070",0.383391478912213,6,2011-01-01
"2071",0.418517701109677,7,2011-01-01
"2072",0.445230687650178,8,2011-01-01
"2073",0.368518060210102,9,2011-01-01
"2074",0.319805628009147,10,2011-01-01
"2075",0.440220680298022,11,2011-01-01
"2076",0.627675711614192,12,2011-01-01
"2077",0.157418663159839,1,2011-04-01
"2078",0.520128304138507,2,2011-04-01
"2079",0.613309000432174,3,2011-04-01
"2080",0.455520885357916,4,2011-04-01
"2081",0.206060407282068,5,2011-04-01
"2082",0.0771749150977554,6,2011-04-01
"2083",0.136002710833227,7,2011-04-01
"2084",0.195940829560404,8,2011-04-01
"2085",0.17241855443398,9,2011-04-01
"2086",0.196291428382706,10,2011-04-01
"2087",0.364680203991298,11,2011-04-01
"2088",0.609301439878097,12,2011-04-01
"2089",0.157418663159839,1,2011-07-01
"2090",0.520128304138507,2,2011-07-01
"2091",0.613309000432174,3,2011-07-01
"2092",0.455520885357916,4,2011-07-01
"2093",0.206060407282068,5,2011-07-01
"2094",0.0771749150977554,6,2011-07-01
"2095",0.136002710833227,7,2011-07-01
"2096",0.195940829560404,8,2011-07-01
"2097",0.17241855443398,9,2011-07-01
"2098",0.196291428382706,10,2011-07-01
"2099",0.364680203991298,11,2011-07-01
"2100",0.609301439878097,12,2011-07-01
"2101",0.157418663159839,1,2011-10-01
"2102",0.520128304138507,2,2011-10-01
"2103",0.613309000432174,3,2011-10-01
"2104",0.455520885357916,4,2011-10-01
"2105",0.206060407282068,5,2011-10-01
"2106",0.0771749150977554,6,2011-10-01
"2107",0.136002710833227,7,2011-10-01
"2108",0.195940829560404,8,2011-10-01
"2109",0.17241855443398,9,2011-10-01
"2110",0.196291428382706,10,2011-10-01
"2111",0.364680203991298,11,2011-10-01
"2112",0.609301439878097,12,2011-10-01
"2113",-0.160302432551975,1,2012-01-01
"2114",0.170542304197231,2,2012-01-01
"2115",0.175674270100294,3,2012-01-01
"2116",-0.0590953366873936,4,2012-01-01
"2117",-0.490038512501701,5,2012-01-01
"2118",-0.815956729361079,6,2012-01-01
"2119",-0.687999344139753,7,2012-01-01
"2120",-0.531154589868104,8,2012-01-01
"2121",-0.399538337413042,9,2012-01-01
"2122",-0.163958320527746,10,2012-01-01
"2123",0.144353814763354,11,2012-01-01
"2124",0.555709813981154,12,2012-01-01
"2125",-0.160302432551975,1,2012-04-01
"2126",0.170542304197231,2,2012-04-01
"2127",0.175674270100294,3,2012-04-01
"2128",-0.0590953366873936,4,2012-04-01
"2129",-0.490038512501701,5,2012-04-01
"2130",-0.815956729361079,6,2012-04-01
"2131",-0.687999344139753,7,2012-04-01
"2132",-0.531154589868104,8,2012-04-01
"2133",-0.399538337413042,9,2012-04-01
"2134",-0.163958320527746,10,2012-04-01
"2135",0.144353814763354,11,2012-04-01
"2136",0.555709813981154,12,2012-04-01
"2137",-0.19661341491904,1,2012-07-01
"2138",0.130589618489656,2,2012-07-01
"2139",0.125658872348079,3,2012-07-01
"2140",-0.117908619206858,4,2012-07-01
"2141",-0.569592674762703,5,2012-07-01
"2142",-0.918028917299231,6,2012-07-01
"2143",-0.782171007565237,7,2012-07-01
"2144",-0.614251209231362,8,2012-07-01
"2145",-0.464904839338416,9,2012-07-01
"2146",-0.205129720403227,10,2012-07-01
"2147",0.119173655994446,11,2012-07-01
"2148",0.54958505673579,12,2012-07-01
"2149",-0.19661341491904,1,2012-10-01
"2150",0.130589618489656,2,2012-10-01
"2151",0.125658872348079,3,2012-10-01
"2152",-0.117908619206858,4,2012-10-01
"2153",-0.569592674762703,5,2012-10-01
"2154",-0.918028917299231,6,2012-10-01
"2155",-0.782171007565237,7,2012-10-01
"2156",-0.614251209231362,8,2012-10-01
"2157",-0.464904839338416,9,2012-10-01
"2158",-0.205129720403227,10,2012-10-01
"2159",0.119173655994446,11,2012-10-01
"2160",0.54958505673579,12,2012-10-01
"2161",-0.0876804678178463,1,2013-01-01
"2162",0.25044767561238,2,2013-01-01
"2163",0.275705065604724,3,2013-01-01
"2164",0.058531228351534,4,2013-01-01
"2165",-0.330930187979696,5,2013-01-01
"2166",-0.611812353484774,6,2013-01-01
"2167",-0.499656017288787,7,2013-01-01
"2168",-0.364961351141588,8,2013-01-01
"2169",-0.268805333562294,9,2013-01-01
"2170",-0.0816155207767858,10,2013-01-01
"2171",0.19471413230117,11,2013-01-01
"2172",0.567959328471884,12,2013-01-01
"2173",-0.0876804678178463,1,2013-04-01
"2174",0.25044767561238,2,2013-04-01
"2175",0.275705065604724,3,2013-04-01
"2176",0.058531228351534,4,2013-04-01
"2177",-0.330930187979696,5,2013-04-01
"2178",-0.611812353484774,6,2013-04-01
"2179",-0.499656017288787,7,2013-04-01
"2180",-0.364961351141588,8,2013-04-01
"2181",-0.268805333562294,9,2013-04-01
"2182",-0.0816155207767858,10,2013-04-01
"2183",0.19471413230117,11,2013-04-01
"2184",0.567959328471884,12,2013-04-01
"2185",-0.0876804678178463,1,2013-07-01
"2186",0.25044767561238,2,2013-07-01
"2187",0.275705065604724,3,2013-07-01
"2188",0.058531228351534,4,2013-07-01
"2189",-0.330930187979696,5,2013-07-01
"2190",-0.611812353484774,6,2013-07-01
"2191",-0.499656017288787,7,2013-07-01
"2192",-0.364961351141588,8,2013-07-01
"2193",-0.268805333562294,9,2013-07-01
"2194",-0.0816155207767858,10,2013-07-01
"2195",0.19471413230117,11,2013-07-01
"2196",0.567959328471884,12,2013-07-01
"2197",-0.0241362486754835,1,2013-10-01
"2198",0.320364875600635,2,2013-10-01
"2199",0.3632320116711,3,2013-10-01
"2200",0.161454472760596,4,2013-10-01
"2201",-0.191710404022942,5,2013-10-01
"2202",-0.433186024593007,6,2013-10-01
"2203",-0.33485560629419,7,2013-10-01
"2204",-0.219542267255886,8,2013-10-01
"2205",-0.15441395519289,9,2013-10-01
"2206",-0.00956557099469524,10,2013-10-01
"2207",0.238779410146758,11,2013-10-01
"2208",0.578677653651273,12,2013-10-01
"2209",0.0666412072421775,1,2014-01-01
"2210",0.420246589869571,2,2014-01-01
"2211",0.488270506051637,3,2014-01-01
"2212",0.308487679059256,4,2014-01-01
"2213",0.00717500162956286,5,2014-01-01
"2214",-0.178005554747626,6,2014-01-01
"2215",-0.0994264477304816,7,2014-01-01
"2216",-0.0118007188477414,8,2014-01-01
"2217",0.009002299620545,9,2014-01-01
"2218",0.0933629286940055,10,2014-01-01
"2219",0.301729807069028,11,2014-01-01
"2220",0.593989546764685,12,2014-01-01
"2221",0.121107680792774,1,2014-04-01
"2222",0.480175618430933,2,2014-04-01
"2223",0.563293602679959,3,2014-04-01
"2224",0.396707602838452,4,2014-04-01
"2225",0.126506245021066,5,2014-04-01
"2226",-0.0248972728403971,6,2014-04-01
"2227",0.0418310474077435,7,2014-04-01
"2228",0.112844210197146,8,2014-04-01
"2229",0.107052052508606,9,2014-04-01
"2230",0.155120028507226,10,2014-04-01
"2231",0.33950004522239,11,2014-04-01
"2232",0.603176682632733,12,2014-04-01
"2233",0.202807391118669,1,2014-07-01
"2234",0.570069161272975,2,2014-07-01
"2235",0.675828247622442,3,2014-07-01
"2236",0.529037488507246,4,2014-07-01
"2237",0.305503110108321,5,2014-07-01
"2238",0.204765150020446,6,2014-07-01
"2239",0.253717290115081,7,2014-07-01
"2240",0.299811603764476,8,2014-07-01
"2241",0.254126681840697,9,2014-07-01
"2242",0.247755678227057,10,2014-07-01
"2243",0.396155402452433,11,2014-07-01
"2244",0.616957386434804,12,2014-07-01
"2245",0.202807391118669,1,2014-10-01
"2246",0.570069161272975,2,2014-10-01
"2247",0.675828247622442,3,2014-10-01
"2248",0.529037488507246,4,2014-10-01
"2249",0.305503110108321,5,2014-10-01
"2250",0.204765150020446,6,2014-10-01
"2251",0.253717290115081,7,2014-10-01
"2252",0.299811603764476,8,2014-10-01
"2253",0.254126681840697,9,2014-10-01
"2254",0.247755678227057,10,2014-10-01
"2255",0.396155402452433,11,2014-10-01
"2256",0.616957386434804,12,2014-10-01
"2257",-0.205691160510806,1,2015-01-01
"2258",0.120601447062763,2,2015-01-01
"2259",0.113155022910026,3,2015-01-01
"2260",-0.132611939836724,4,2015-01-01
"2261",-0.589481215327953,5,2015-01-01
"2262",-0.943546964283769,6,2015-01-01
"2263",-0.805713923421607,7,2015-01-01
"2264",-0.635025364072176,8,2015-01-01
"2265",-0.48124646481976,9,2015-01-01
"2266",-0.215422570372097,10,2015-01-01
"2267",0.112878616302219,11,2015-01-01
"2268",0.548053867424448,12,2015-01-01
"2269",-0.205691160510806,1,2015-04-01
"2270",0.120601447062763,2,2015-04-01
"2271",0.113155022910026,3,2015-04-01
"2272",-0.132611939836724,4,2015-04-01
"2273",-0.589481215327953,5,2015-04-01
"2274",-0.943546964283769,6,2015-04-01
"2275",-0.805713923421607,7,2015-04-01
"2276",-0.635025364072176,8,2015-04-01
"2277",-0.48124646481976,9,2015-04-01
"2278",-0.215422570372097,10,2015-04-01
"2279",0.112878616302219,11,2015-04-01
"2280",0.548053867424448,12,2015-04-01
"2281",-0.205691160510806,1,2015-07-01
"2282",0.120601447062763,2,2015-07-01
"2283",0.113155022910026,3,2015-07-01
"2284",-0.132611939836724,4,2015-07-01
"2285",-0.589481215327953,5,2015-07-01
"2286",-0.943546964283769,6,2015-07-01
"2287",-0.805713923421607,7,2015-07-01
"2288",-0.635025364072176,8,2015-07-01
"2289",-0.48124646481976,9,2015-07-01
"2290",-0.215422570372097,10,2015-07-01
"2291",0.112878616302219,11,2015-07-01
"2292",0.548053867424448,12,2015-07-01
"2293",-0.205691160510806,1,2015-10-01
"2294",0.120601447062763,2,2015-10-01
"2295",0.113155022910026,3,2015-10-01
"2296",-0.132611939836724,4,2015-10-01
"2297",-0.589481215327953,5,2015-10-01
"2298",-0.943546964283769,6,2015-10-01
"2299",-0.805713923421607,7,2015-10-01
"2300",-0.635025364072176,8,2015-10-01
"2301",-0.48124646481976,9,2015-10-01
"2302",-0.215422570372097,10,2015-10-01
"2303",0.112878616302219,11,2015-10-01
"2304",0.548053867424448,12,2015-10-01
"2305",0.0212524792833471,1,2016-01-01
"2306",0.370305732735103,2,2016-01-01
"2307",0.425751258861368,3,2016-01-01
"2308",0.234971075909926,4,2016-01-01
"2309",-0.0922677011966897,5,2016-01-01
"2310",-0.305595789670316,6,2016-01-01
"2311",-0.217141027012336,7,2016-01-01
"2312",-0.115671493051814,8,2016-01-01
"2313",-0.0727058277861724,9,2016-01-01
"2314",0.0418986788496551,10,2016-01-01
"2315",0.270254608607893,11,2016-01-01
"2316",0.586333600207979,12,2016-01-01
"2317",0.0212524792833471,1,2016-04-01
"2318",0.370305732735103,2,2016-04-01
"2319",0.425751258861368,3,2016-04-01
"2320",0.234971075909926,4,2016-04-01
"2321",-0.0922677011966897,5,2016-04-01
"2322",-0.305595789670316,6,2016-04-01
"2323",-0.217141027012336,7,2016-04-01
"2324",-0.115671493051814,8,2016-04-01
"2325",-0.0727058277861724,9,2016-04-01
"2326",0.0418986788496551,10,2016-04-01
"2327",0.270254608607893,11,2016-04-01
"2328",0.586333600207979,12,2016-04-01
"2329",0.0212524792833471,1,2016-07-01
"2330",0.370305732735103,2,2016-07-01
"2331",0.425751258861368,3,2016-07-01
"2332",0.234971075909926,4,2016-07-01
"2333",-0.0922677011966897,5,2016-07-01
"2334",-0.305595789670316,6,2016-07-01
"2335",-0.217141027012336,7,2016-07-01
"2336",-0.115671493051814,8,2016-07-01
"2337",-0.0727058277861724,9,2016-07-01
"2338",0.0418986788496551,10,2016-07-01
"2339",0.270254608607893,11,2016-07-01
"2340",0.586333600207979,12,2016-07-01
"2341",0.0212524792833471,1,2016-10-01
"2342",0.370305732735103,2,2016-10-01
"2343",0.425751258861368,3,2016-10-01
"2344",0.234971075909926,4,2016-10-01
"2345",-0.0922677011966897,5,2016-10-01
"2346",-0.305595789670316,6,2016-10-01
"2347",-0.217141027012336,7,2016-10-01
"2348",-0.115671493051814,8,2016-10-01
"2349",-0.0727058277861724,9,2016-10-01
"2350",0.0418986788496551,10,2016-10-01
"2351",0.270254608607893,11,2016-10-01
"2352",0.586333600207979,12,2016-10-01
"2353",-0.205691160510806,1,2017-01-01
"2354",0.120601447062763,2,2017-01-01
"2355",0.113155022910026,3,2017-01-01
"2356",-0.132611939836724,4,2017-01-01
"2357",-0.589481215327953,5,2017-01-01
"2358",-0.943546964283769,6,2017-01-01
"2359",-0.805713923421607,7,2017-01-01
"2360",-0.635025364072176,8,2017-01-01
"2361",-0.48124646481976,9,2017-01-01
"2362",-0.215422570372097,10,2017-01-01
"2363",0.112878616302219,11,2017-01-01
"2364",0.548053867424448,12,2017-01-01
"2365",-0.205691160510806,1,2017-04-01
"2366",0.120601447062763,2,2017-04-01
"2367",0.113155022910026,3,2017-04-01
"2368",-0.132611939836724,4,2017-04-01
"2369",-0.589481215327953,5,2017-04-01
"2370",-0.943546964283769,6,2017-04-01
"2371",-0.805713923421607,7,2017-04-01
"2372",-0.635025364072176,8,2017-04-01
"2373",-0.48124646481976,9,2017-04-01
"2374",-0.215422570372097,10,2017-04-01
"2375",0.112878616302219,11,2017-04-01
"2376",0.548053867424448,12,2017-04-01
